removed_id	ref_pos	window	max_lines	name	sample
R000	1	20180814..20180814	1	leading-blank-line (20180814 capture artifact)	
R001	116	20170123..20170124	1	whitespace-only-line (pre-cleanup template)	
R002	378	20170123..20180422	2	sendFeedback-feature-block (removed by 20180523 deploy, guide-known 2018-04 removal)	//TODO: Not necessary here as it is already in feedback.php. Should it be moved 
R003	984	20170123..20180422	7	sendFeedback-feature-block (removed by 20180523 deploy, guide-known 2018-04 removal)	<div id="feedbacktextopen" style="display: none; height: 100%;">
R004	990	20170123..20180422	5	sendFeedback-feature-block (removed by 20180523 deploy, guide-known 2018-04 removal)	var testFX = new Fx.Style(document.getElementById('feedback'), 'height', {onComp
R005	991	20170123..20180422	39	sendFeedback-feature-block (removed by 20180523 deploy, guide-known 2018-04 removal)	var feedbackclosedheight = document.getElementById('feedbacktextclosed').clientH
R006	996	20170123..20180422	17	sendFeedback-feature-block (removed by 20180523 deploy, guide-known 2018-04 removal)	testFX.start(feedbackclosedheight, feedbackopenheight);
R007	1343	20170123..20180422	7	sendFeedback-feature-block (removed by 20180523 deploy, guide-known 2018-04 removal)	}
R008	1556	20170123..20170330	7	showShop-sajax-wrapper (export removed by 20170429 deploy)	// wrapper for showShop
