route	ts	host	source	sha256_served	depagespeed	sha256_depagespeed	jc_bundles	single_urls	ic_left
embed	20170121	www.tanktrouble.com	archive/commoncrawl/warc-bodies/20170121_www.tanktrouble.com_embed.php.txt	7d179b11b4792f08542f2631954248e6d403e97b57534fcf832cba878acc8fc8	—	—	0	0	0
embed	20170124	tanktrouble.com	archive/commoncrawl/warc-bodies/20170124_tanktrouble.com_embed.php.txt	ea3f98a824b5934bcd5989d50808fffae2b418e4e51b7eceaf23147de0f2e5cf	—	—	0	0	0
embed	20170526	www.tanktrouble.com	archive/commoncrawl/warc-bodies/20170526_www.tanktrouble.com_embed.php.txt	ea3f98a824b5934bcd5989d50808fffae2b418e4e51b7eceaf23147de0f2e5cf	—	—	0	0	0
embed	20180116	www.tanktrouble.com	archive/commoncrawl/warc-bodies/20180116_www.tanktrouble.com_embed.php.txt	ea3f98a824b5934bcd5989d50808fffae2b418e4e51b7eceaf23147de0f2e5cf	—	—	0	0	0
embed	20180226	tanktrouble.com	archive/commoncrawl/warc-bodies/20180226_tanktrouble.com_embed.php.txt	ea3f98a824b5934bcd5989d50808fffae2b418e4e51b7eceaf23147de0f2e5cf	—	—	0	0	0
embed	20180619	www.tanktrouble.com	archive/commoncrawl/warc-bodies/20180619_www.tanktrouble.com_embed.php.txt	ea3f98a824b5934bcd5989d50808fffae2b418e4e51b7eceaf23147de0f2e5cf	—	—	0	0	0
embed	20180620	tanktrouble.com	archive/commoncrawl/warc-bodies/20180620_tanktrouble.com_embed.php.txt	ea3f98a824b5934bcd5989d50808fffae2b418e4e51b7eceaf23147de0f2e5cf	—	—	0	0	0
embed	20180918	www.tanktrouble.com	archive/commoncrawl/warc-bodies/20180918_www.tanktrouble.com_embed.php.txt	ea3f98a824b5934bcd5989d50808fffae2b418e4e51b7eceaf23147de0f2e5cf	—	—	0	0	0
embed	20181020	tanktrouble.com	archive/commoncrawl/warc-bodies/20181020_tanktrouble.com_embed.php.txt	ea3f98a824b5934bcd5989d50808fffae2b418e4e51b7eceaf23147de0f2e5cf	—	—	0	0	0
forum	20100908	www.tanktrouble.com	archive/commoncrawl/warc-bodies/20100908_www.tanktrouble.com__forum.txt	14e780230a1763c10e8ea1006de1bf387d75a92f93e0ae7f87ad41f7da408b55	—	—	0	0	0
forum	20170124	tanktrouble.com	archive/commoncrawl/warc-bodies/20170124_tanktrouble.com__forum.txt	bfc16828cadefb2125df5b468c22f585a100036c322c964be6d2a884e0d0bc6c	—	—	0	0	0
forum	20170228	tanktrouble.com	archive/commoncrawl/warc-bodies/20170228_tanktrouble.com__forum.txt	41cb3ef9c5e6a95c8c27bd1fb4d6398c5a68975492060979da8961a6c54309c4	—	—	0	0	0
forum	20170429	tanktrouble.com	archive/commoncrawl/warc-bodies/20170429_tanktrouble.com__forum.txt	ea1d6fe21633cd5d8b3c14fd00952a31ac5dfa295d25c024ed454d09dbeaa788	—	—	0	0	0
forum	20170625	tanktrouble.com	archive/commoncrawl/warc-bodies/20170625_tanktrouble.com__forum.txt	32832536fde65df7b71d3399a7c676a7c88d89ecbc7ca0da6a56e13bc370825a	—	—	0	0	0
forum	20170817	tanktrouble.com	archive/commoncrawl/warc-bodies/20170817_tanktrouble.com__forum.txt	106abbbc29bbad8ffb40d001ad61012ced6e01b39c652cc829f1c86bc5adcd6c	—	—	0	0	0
forum	20171022	tanktrouble.com	archive/commoncrawl/warc-bodies/20171022_tanktrouble.com__forum.txt	3b086f06a08a76fb1d6c4c8997b4c8a079bcd8035da9b4950a9f343c09342295	—	—	0	0	0
forum	20171212	tanktrouble.com	archive/commoncrawl/warc-bodies/20171212_tanktrouble.com__forum.txt	7e3c8c275cd840b982bbb0a632846b22dd1a323e851c3c922f93fd77f9885214	—	—	0	0	0
forum	20180116	www.tanktrouble.com	archive/commoncrawl/warc-bodies/20180116_www.tanktrouble.com__forum.txt	2b33e7bf31b7489ab28d0ba81acb6abcae8032774added73b9555dd292850dfa	—	—	0	0	0
forum	20180226	tanktrouble.com	archive/commoncrawl/warc-bodies/20180226_tanktrouble.com__forum.txt	628570683c6a0182aa33f5c96aad977e601f9a50e7eebf4c29a42bc4300e80cd	—	—	0	0	0
forum	20180317	www.tanktrouble.com	archive/commoncrawl/warc-bodies/20180317_www.tanktrouble.com__forum.txt	3d501fc02a27ff8a0889870ecef9b96f55d5960fd33e8230e12a1efaf0fac156	—	—	0	0	0
forum	20180317214622	www.tanktrouble.com	archive/commoncrawl/warc-bodies/20180317214622_200_www.tanktrouble.com_@forum.txt	3d501fc02a27ff8a0889870ecef9b96f55d5960fd33e8230e12a1efaf0fac156	—	—	0	0	0
forum	20180422	tanktrouble.com	archive/commoncrawl/warc-bodies/20180422_tanktrouble.com__forum.txt	d538ba9a6e07558829e70adebcadd0ffb519f6661e0fd8b8f9e90a160712e4ff	—	—	0	0	0
forum	20180619	www.tanktrouble.com	archive/commoncrawl/warc-bodies/20180619_www.tanktrouble.com__forum.txt	a568acc9f964220b207734de4e6f38f489996e6bdc6f8a2933b21597bad113f9	—	—	0	0	0
forum	20180620	tanktrouble.com	archive/commoncrawl/warc-bodies/20180620_tanktrouble.com__forum.txt	20d6a06d97150a09bbea741a3e022d05115b133923bd147caf05cd7664bddb9a	—	—	0	0	0
forum	20180814	tanktrouble.com	archive/commoncrawl/warc-bodies/20180814_tanktrouble.com__forum.txt	820b865639cf4bde92e87fd933a0b76bb817ca9f5979eda06fde7f86eae6e424	—	—	0	0	0
forum	20181020	tanktrouble.com	archive/commoncrawl/warc-bodies/20181020_tanktrouble.com__forum.txt	acb9eda6138b33f428f31cfcebac07d37106fd5bc8071f825cfb744ce633bd1a	—	—	0	0	0
forum	20181020	www.tanktrouble.com	archive/commoncrawl/warc-bodies/20181020_www.tanktrouble.com__forum.txt	f90ecb985a561a3b95e994cfa08d07750e608e1c0627e54f71c2e67dbbc04ac6	—	—	0	0	0
forum	20181214	tanktrouble.com	archive/commoncrawl/warc-bodies/20181214_tanktrouble.com__forum.txt	c0f04588a5312c7667a90ffa831984cc26e64c87e2dfe1d31c7c7895cf212622	—	—	0	0	0
forum	20190123	tanktrouble.com	archive/commoncrawl/warc-bodies/20190123_tanktrouble.com__forum.txt	2e0a9d353a8a5f5b76929735ac44f494d369eb5d8e88e70b124c0477829442b2	—	—	0	0	0
forum	20190318	tanktrouble.com	archive/commoncrawl/warc-bodies/20190318_tanktrouble.com__forum.txt	1af1011212734cb2aa5f630903a3d6a1d16616366b30c40a62dac39b0abb51c2	—	—	0	0	0
forum	20190426	tanktrouble.com	archive/commoncrawl/warc-bodies/20190426_tanktrouble.com__forum.txt	57224ddb1f9d8a279502882ad03b834926593818e96ff4b2aee675466f3bfb0a	—	—	0	0	0
forum	20190620	tanktrouble.com	archive/commoncrawl/warc-bodies/20190620_tanktrouble.com__forum.txt	ff0c2f6df34a483c6e6ececd9903da1a2c5142d7fcbe56ef283636cd004ab5f7	—	—	0	0	0
forum	20190717	tanktrouble.com	archive/commoncrawl/warc-bodies/20190717_tanktrouble.com__forum.txt	3e74606a402c97f1bb596e02720c654fb5de5cd96fe63b081c5282972ae5e589	—	—	0	0	0
forum	20190822	tanktrouble.com	archive/commoncrawl/warc-bodies/20190822_tanktrouble.com__forum.txt	05627d535108b0474a024f707ef142a6b27ce9cc12233696309ac45cd72e6cd7	—	—	0	0	0
forum	20190922	tanktrouble.com	archive/commoncrawl/warc-bodies/20190922_tanktrouble.com__forum.txt	55501edec8c945f778357d47c26e188f15f0b69f62672a19d1a81205f0844503	—	—	0	0	0
forum	20191019	tanktrouble.com	archive/commoncrawl/warc-bodies/20191019_tanktrouble.com__forum.txt	f94521660bd4f59605605e51df32bc8b8bb3f6a912ca8b144661abc2d9aa0f7d	—	—	0	0	0
forum	20191120	tanktrouble.com	archive/commoncrawl/warc-bodies/20191120_tanktrouble.com__forum.txt	588907cfa94b6edf21b1a93defebd72301da91a6e4935e83edd8e07bd8a73d07	—	—	0	0	0
forum	20191209	tanktrouble.com	archive/commoncrawl/warc-bodies/20191209_tanktrouble.com__forum.txt	42edd233b39405df8eb0265f30d2893adbe689c5b8b5fa34c2fe75b8cbc0bf58	—	—	0	0	0
forum	20200121	tanktrouble.com	archive/commoncrawl/warc-bodies/20200121_tanktrouble.com__forum.txt	d5a5ea87996e95e6f9d0d8d93ffc4d4d1c255e79659d4a79473aee6c2a91d3b0	—	—	0	0	0
forum	20200217	tanktrouble.com	archive/commoncrawl/warc-bodies/20200217_tanktrouble.com__forum.txt	ba758eaef6b9990f3a25331022d66c3b5b687e09ca4f2c6aaddb3cfe4fda7338	—	—	0	0	0
forum	20200228	www.tanktrouble.com	archive/commoncrawl/warc-bodies/20200228_www.tanktrouble.com__forum.txt	14b44d55fc1bafe417e591a8e694994bf04ec8bcdf0add3ad888c1247ae7f992	—	—	0	0	0
forum	20200409	tanktrouble.com	archive/commoncrawl/warc-bodies/20200409_tanktrouble.com__forum.txt	928391358b8fd2f825ed473882c3e8cc4923e7e4135e51aaace1e5266a141e8d	—	—	0	0	0
forum	20200603	tanktrouble.com	archive/commoncrawl/warc-bodies/20200603_tanktrouble.com__forum.txt	dfd5b5b3a7eebf48b379ce6720fcc0697fe016e9d4c61e858e871d7b1d211400	—	—	0	0	0
forum	20200705	tanktrouble.com	archive/commoncrawl/warc-bodies/20200705_tanktrouble.com__forum.txt	f1315df3b50a5a7063d2128eca9c8f83469768d4553a74b3f067da39acb6476e	—	—	0	0	0
forum	20200803	tanktrouble.com	archive/commoncrawl/warc-bodies/20200803_tanktrouble.com__forum.txt	45ecd625bcc658a0194f55f673d3a0bf1ad6f453f022ee41cb4788b36169ac6c	—	—	0	0	0
forum	20200926	tanktrouble.com	archive/commoncrawl/warc-bodies/20200926_tanktrouble.com__forum.txt	3d25801f722f5b2667ec5b6b3a834d44cd91b8a8eff2da0021c91ed20a6383be	—	—	0	0	0
forum	20201024	tanktrouble.com	archive/commoncrawl/warc-bodies/20201024_tanktrouble.com__forum.txt	f4e46873f5e26533dd2cecf9f88f5d98329f95abee9d227a6ddc9565e42bc338	—	—	0	0	0
forum	20201204	tanktrouble.com	archive/commoncrawl/warc-bodies/20201204_tanktrouble.com__forum.txt	d90fca5f5daa3298d404d2c6d1f9a2b39324b7199cda31efa0e536e7e26e7f83	—	—	0	0	0
game	20100208	www.tanktrouble.com	archive/commoncrawl/warc-bodies/20100208_www.tanktrouble.com__game.txt	8fdeaa9afec011254936789e7a84ae59ab58492e618c4da015ae1c87c2760209	—	—	0	0	0
game	20100903	www.tanktrouble.com	archive/commoncrawl/warc-bodies/20100903_www.tanktrouble.com__game.txt	d8b6465c55db5d8c633864c489cdb068a2d3a9b335e254fd3d6dc1e02ca983c4	—	—	0	0	0
game	20130619	www.tanktrouble.com	archive/commoncrawl/warc-bodies/20130619_www.tanktrouble.com__game.txt	da7bf6b6dd9fb08d359c9dec95e76fb972168b529fcfcd77f0a7ba57adb7f997	—	—	0	0	0
game	20170124	tanktrouble.com	archive/commoncrawl/warc-bodies/20170124_tanktrouble.com__game.txt	a0fff1e09ef0f97eff0e2932382a569545e1d3394f67de7dfef7e55caa01d8d0	—	—	0	0	0
game	20170228	tanktrouble.com	archive/commoncrawl/warc-bodies/20170228_tanktrouble.com__game.txt	5f3a90e64cb26cc426de25a224af082afb3224e02c2af47e2fbfa1d43bebd3bf	—	—	0	0	0
game	20170429	tanktrouble.com	archive/commoncrawl/warc-bodies/20170429_tanktrouble.com__game.txt	8f9b0558215fbfafa925f92d5c0826eb4db00c77f540e1e2451e91306e9ae342	—	—	0	0	0
game	20170625	tanktrouble.com	archive/commoncrawl/warc-bodies/20170625_tanktrouble.com__game.txt	3ad88b897d21f998765c1963b1116a69cf92e0065c4ba2b72a6b6a832fe74337	—	—	0	0	0
game	20170817	tanktrouble.com	archive/commoncrawl/warc-bodies/20170817_tanktrouble.com__game.txt	bb8042d45578faf98a76cd4da618b91b4c86ae6498d6d1c21c77b22b3203f014	—	—	0	0	0
game	20171022	tanktrouble.com	archive/commoncrawl/warc-bodies/20171022_tanktrouble.com__game.txt	75a0c1c4992a9c286333fbf6446548e85fe26f93208a09376198c7fe2533cc97	—	—	0	0	0
game	20171212	tanktrouble.com	archive/commoncrawl/warc-bodies/20171212_tanktrouble.com__game.txt	8718abacedeb103f6df262fc156981ca08ee19e6f8c5411f8bcc1171616d1edc	—	—	0	0	0
game	20180116	www.tanktrouble.com	archive/commoncrawl/warc-bodies/20180116_www.tanktrouble.com__game.txt	e032723440e89b79cc1f9d66a794d0ee3d51fcadcfaf640208025e9d569636ee	—	—	0	0	0
game	20180226	tanktrouble.com	archive/commoncrawl/warc-bodies/20180226_tanktrouble.com__game.txt	da6ec5eca123b7f7bcc628ee58a1e2f45912b1471b66ef2be076b9286aa59d32	—	—	0	0	0
game	20180317	www.tanktrouble.com	archive/commoncrawl/warc-bodies/20180317_www.tanktrouble.com__game.txt	452d13cff95f6d206b5ab54037e9f8f1c65828a5c81caacdcd5419b43712b1d6	—	—	0	0	0
game	20180317214505	www.tanktrouble.com	archive/commoncrawl/warc-bodies/20180317214505_200_www.tanktrouble.com_@game.txt	452d13cff95f6d206b5ab54037e9f8f1c65828a5c81caacdcd5419b43712b1d6	—	—	0	0	0
game	20180422	tanktrouble.com	archive/commoncrawl/warc-bodies/20180422_tanktrouble.com__game.txt	ba30ea2fb495df63e5d6c5808fe5d3535b3989129598b8f2fd6017ff512f00f4	—	—	0	0	0
game	20180619	www.tanktrouble.com	archive/commoncrawl/warc-bodies/20180619_www.tanktrouble.com__game.txt	009f30bdcbf2d0eef4c2ef467788c45b1890806f794631c65ea654af30185e69	—	—	0	0	0
game	20180620	tanktrouble.com	archive/commoncrawl/warc-bodies/20180620_tanktrouble.com__game.txt	e6eeb2bd16bee842bc30e63603a8db09b60d1ca43530b53ffe6600df34b5ed2f	—	—	0	0	0
game	20180814	tanktrouble.com	archive/commoncrawl/warc-bodies/20180814_tanktrouble.com__game.txt	3e9eea62e21e3eccedf5f15bb98cff04451ea720c5fb8ce4aefc06be8e2198e3	—	—	0	0	0
game	20181020	tanktrouble.com	archive/commoncrawl/warc-bodies/20181020_tanktrouble.com__game.txt	91c0038b19d92fb60cdc19be03cb99281965de50ecf47d3fae807e58043a85a4	—	—	0	0	0
game	20181020	www.tanktrouble.com	archive/commoncrawl/warc-bodies/20181020_www.tanktrouble.com__game.txt	2f0b4053ae2c3ac8799cfb7015ff3ed34ec66c00e87bd78831d607e0e4e04232	—	—	0	0	0
game	20181214	tanktrouble.com	archive/commoncrawl/warc-bodies/20181214_tanktrouble.com__game.txt	d7861275196b2fbc29fe79b881247148e87db8d89a7b2409a40573bb9d938360	—	—	0	0	0
game	20190123	tanktrouble.com	archive/commoncrawl/warc-bodies/20190123_tanktrouble.com__game.txt	59fc0909114cd3dae7180e18a773926f2bd3535ae53a44abb2209cbadbd971ef	—	—	0	0	0
game	20190318	tanktrouble.com	archive/commoncrawl/warc-bodies/20190318_tanktrouble.com__game.txt	57463a359490ae6f795e1965fa006db8aa9f7b4fb114bc4df6f6eb6d1a23dbd2	—	—	0	0	0
game	20190522	tanktrouble.com	archive/commoncrawl/warc-bodies/20190522_tanktrouble.com__game.txt	0e7d051bace06ae223ff22d3249d0902c1eafc6b17322ab9c7947299e1149290	—	—	0	0	0
game	20190717	tanktrouble.com	archive/commoncrawl/warc-bodies/20190717_tanktrouble.com__game.txt	07b58535e15ec319c65c3bc508f731052c5c7f460742d496b2f464d655e7ec7b	—	—	0	0	0
game	20190822	tanktrouble.com	archive/commoncrawl/warc-bodies/20190822_tanktrouble.com__game.txt	414d40d1572d987f6b838781c312dca58e5c71670813727bed82dc32ea940fdd	—	—	0	0	0
game	20190922	tanktrouble.com	archive/commoncrawl/warc-bodies/20190922_tanktrouble.com__game.txt	93645c490207b19c856bc0f930345fa2e989945fa8e0a20f5b6bb57d77bdb8f7	—	—	0	0	0
game	20191019	tanktrouble.com	archive/commoncrawl/warc-bodies/20191019_tanktrouble.com__game.txt	1d88a701b6c748e32fefbed73a14d88b6886fac0c243649f071ca625ef1ef195	—	—	0	0	0
game	20191120	tanktrouble.com	archive/commoncrawl/warc-bodies/20191120_tanktrouble.com__game.txt	db0f7493e6a1a076ceeac23a5b58ceaa945fa72b840fbb718830d4da37844923	—	—	0	0	0
game	20191209	tanktrouble.com	archive/commoncrawl/warc-bodies/20191209_tanktrouble.com__game.txt	32ec558bba6ae2c1e7e60869469222dfe27d6edab16011a33cce4b49927f74e4	—	—	0	0	0
game	20200121	tanktrouble.com	archive/commoncrawl/warc-bodies/20200121_tanktrouble.com__game.txt	3f5cf65a9ab00b4923e6f0e441a81559e21d9abf8bdc9e10562ded7f9a3021d4	—	—	0	0	0
game	20200217	tanktrouble.com	archive/commoncrawl/warc-bodies/20200217_tanktrouble.com__game.txt	0bb9b1f89b3f01ef6a9299ddf25fd294a92d5e97157dfc5454fb10c93be8d71b	—	—	0	0	0
game	20200228	www.tanktrouble.com	archive/commoncrawl/warc-bodies/20200228_www.tanktrouble.com__game.txt	557b7c41c2f13b67be17562e051c6d179c27346c2c4422c4b1cee970bb54caa2	—	—	0	0	0
game	20200409	tanktrouble.com	archive/commoncrawl/warc-bodies/20200409_tanktrouble.com__game.txt	c1e72d26d3c4f87a22871baac8fa5bc1c7808b8b756e42d250f922acf05acd92	—	—	0	0	0
game	20200603	tanktrouble.com	archive/commoncrawl/warc-bodies/20200603_tanktrouble.com__game.txt	a5937a38804abecec491e3faafba5ee70355196055ad5fe301e15c26cf3664d6	—	—	0	0	0
game	20200705	tanktrouble.com	archive/commoncrawl/warc-bodies/20200705_tanktrouble.com__game.txt	6924c1214fef7a91b3860b2a88542fcbf6d164b4cd3843825a9d964a0389973a	—	—	0	0	0
game	20200803	tanktrouble.com	archive/commoncrawl/warc-bodies/20200803_tanktrouble.com__game.txt	e038a02f176fa32f9c619c32bf23e083cfa409e0c722fe46cea56602dfb5f553	—	—	0	0	0
game	20200925	www.tanktrouble.com	archive/commoncrawl/warc-bodies/20200925_www.tanktrouble.com__game.txt	36b5c26107a886d66b6ddf6b3752c3c85d8854c62ef8433a231dc5742cf2ef2a	—	—	0	0	0
game	20200926	tanktrouble.com	archive/commoncrawl/warc-bodies/20200926_tanktrouble.com__game.txt	029f72bea7d0b486f896e2e053b2fa5f19d46b7429c1cf8c91c0e4bc7d0dbd59	—	—	0	0	0
game	20201024	tanktrouble.com	archive/commoncrawl/warc-bodies/20201024_tanktrouble.com__game.txt	ca3f12c01bbc0223be95bcd795e55720b09da9208ff7e0e764e33b3fba077e28	—	—	0	0	0
game	20201204	tanktrouble.com	archive/commoncrawl/warc-bodies/20201204_tanktrouble.com__game.txt	43ae67f2835cfbf4daed03334d1c3e6a6c0b20194186815e470f6df76f0ee9fc	—	—	0	0	0
garage	20100908	tanktrouble.com	archive/commoncrawl/warc-bodies/20100908_tanktrouble.com__garage.txt	d5e11bbea1003d402d236dea605ccd207e07be340fb8034169d481ab9d65a872	—	—	0	0	0
garage	20130618	www.tanktrouble.com	archive/commoncrawl/warc-bodies/20130618_www.tanktrouble.com__garage.txt	e19c24fa6340f0b94bda6759d9d425bc178493ca208feaa132f7e9376272ee15	—	—	0	0	0
garage	20170124	tanktrouble.com	archive/commoncrawl/warc-bodies/20170124_tanktrouble.com__garage.txt	4cfc26095f5413540a6fa0826d111bdbd91d1a93da3e8fc01e1f61ad1b5985de	—	—	0	0	0
garage	20170228	tanktrouble.com	archive/commoncrawl/warc-bodies/20170228_tanktrouble.com__garage.txt	8b04536da94d1480002238c314f7d006583231689be183aed3b84bb1e6f52bcc	—	—	0	0	0
garage	20170429	tanktrouble.com	archive/commoncrawl/warc-bodies/20170429_tanktrouble.com__garage.txt	9fcf1db41197079c67cda415c20d1e405144a958a93e113f9d2fedf93b9fcb97	—	—	0	0	0
garage	20170625	tanktrouble.com	archive/commoncrawl/warc-bodies/20170625_tanktrouble.com__garage.txt	83176e08f2130843e4369b2b2fcbd47c768bf3bf6f90642dda99510b9e4c240f	—	—	0	0	0
garage	20170817	tanktrouble.com	archive/commoncrawl/warc-bodies/20170817_tanktrouble.com__garage.txt	5508a290abc710c820c1ddc3d5495d5595d7ad1061859aaac1850dda7a01f901	—	—	0	0	0
garage	20171022	tanktrouble.com	archive/commoncrawl/warc-bodies/20171022_tanktrouble.com__garage.txt	10b9f909e8d7cefde4be01ea351ebf97a8234fabec548023671d2c3cd362c0bc	—	—	0	0	0
garage	20171212	tanktrouble.com	archive/commoncrawl/warc-bodies/20171212_tanktrouble.com__garage.txt	5b4980070329c1255a6f787e5992f284ed21d4f65099c428fce98750eba6e115	—	—	0	0	0
garage	20180116	www.tanktrouble.com	archive/commoncrawl/warc-bodies/20180116_www.tanktrouble.com__garage.txt	da1ccb39acb41dd5b7dc98af1b4c66002eaa8543427396b0b59e57b43e04e1ba	—	—	0	0	0
garage	20180226	tanktrouble.com	archive/commoncrawl/warc-bodies/20180226_tanktrouble.com__garage.txt	a647ba72ba73000c7e540df6a976ee2a23f829e0427754fcccbe1c683288eb48	—	—	0	0	0
garage	20180317	www.tanktrouble.com	archive/commoncrawl/warc-bodies/20180317_www.tanktrouble.com__garage.txt	a950b172f1ddcb325ab55ccecd34db88d91836cface4430bf70c78473b1db6d7	—	—	0	0	0
garage	20180317214403	www.tanktrouble.com	archive/commoncrawl/warc-bodies/20180317214403_200_www.tanktrouble.com_@garage.txt	a950b172f1ddcb325ab55ccecd34db88d91836cface4430bf70c78473b1db6d7	—	—	0	0	0
garage	20180422	tanktrouble.com	archive/commoncrawl/warc-bodies/20180422_tanktrouble.com__garage.txt	58012a19bca9d523363ce34d2b9b8d08a7c8631331123e72e8eeced05f07f34e	—	—	0	0	0
garage	20180619	www.tanktrouble.com	archive/commoncrawl/warc-bodies/20180619_www.tanktrouble.com__garage.txt	75cb34f758dfff49b0aba01aceab6a832fe81775697463d99a6d9a052e68c2cf	—	—	0	0	0
garage	20180620	tanktrouble.com	archive/commoncrawl/warc-bodies/20180620_tanktrouble.com__garage.txt	4bbde49c86dc8526bcf11aae5aade573cd76fa909da92212153d8a92c003cd66	—	—	0	0	0
garage	20180814	tanktrouble.com	archive/commoncrawl/warc-bodies/20180814_tanktrouble.com__garage.txt	0a1bc9ce32c37303f804d04152b0a425d1cdbd080f4c1f78ccdf20edbff5c6c7	—	—	0	0	0
garage	20181020	tanktrouble.com	archive/commoncrawl/warc-bodies/20181020_tanktrouble.com__garage.txt	baa3805f9d0a4de4124ff15c8fa5a8c4d4e05c2587485da9219c2e9e16c8b2f1	—	—	0	0	0
garage	20181020	www.tanktrouble.com	archive/commoncrawl/warc-bodies/20181020_www.tanktrouble.com__garage.txt	daf345c7b0c783727c6ad1cc3437c960dcf67c3dc34ebb208da316e1a29a3abc	—	—	0	0	0
garage	20181214	tanktrouble.com	archive/commoncrawl/warc-bodies/20181214_tanktrouble.com__garage.txt	d761ee735e69a9a69b2a4a8f32705d9b353370658888575c5ef86aae9c793000	—	—	0	0	0
garage	20190123	tanktrouble.com	archive/commoncrawl/warc-bodies/20190123_tanktrouble.com__garage.txt	17a30d205a8a49a3ed19451a9a5d0209d9e6b0158b903ad30e7aaf5defeafc61	—	—	0	0	0
garage	20190222	tanktrouble.com	archive/commoncrawl/warc-bodies/20190222_tanktrouble.com__garage.txt	e5915149093876b7f6a04ed923515c3622a77d3695f634f7cf8ce20ac2a9df53	—	—	0	0	0
garage	20190318	tanktrouble.com	archive/commoncrawl/warc-bodies/20190318_tanktrouble.com__garage.txt	b389a073623512514986dd7fc4284b4758e89a0aa843cf5139df6f04b87950d5	—	—	0	0	0
garage	20190426	tanktrouble.com	archive/commoncrawl/warc-bodies/20190426_tanktrouble.com__garage.txt	f4ee0258fcc3e6826d6e5a965d81a9978fc8b2b949581c47b5ad8ef8678cdafd	—	—	0	0	0
garage	20190522	tanktrouble.com	archive/commoncrawl/warc-bodies/20190522_tanktrouble.com__garage.txt	32995aaada387dcea7900c3a0402389e20b027f3c8309c1433b5dc0776d1a67d	—	—	0	0	0
garage	20190620	tanktrouble.com	archive/commoncrawl/warc-bodies/20190620_tanktrouble.com__garage.txt	92c3a793e89a6dcb08df44866ff8d79c1f6a6d467738beea08d32a4e71a93c6f	—	—	0	0	0
garage	20190717	tanktrouble.com	archive/commoncrawl/warc-bodies/20190717_tanktrouble.com__garage.txt	04f68ba575c42d02c92c7076f2fc51ff6fa5f3233f1caa26e1713d52642a3da7	—	—	0	0	0
garage	20190822	tanktrouble.com	archive/commoncrawl/warc-bodies/20190822_tanktrouble.com__garage.txt	5deca17120eb93b88f76bb8bf3da7c539d405f830c670f9a5b7f0718eadf4207	—	—	0	0	0
garage	20190922	tanktrouble.com	archive/commoncrawl/warc-bodies/20190922_tanktrouble.com__garage.txt	4147a02ab5e4bbf41cfd55ac8265a60cd8098ecfe4b7ca40edf71cef03d09fa4	—	—	0	0	0
garage	20191019	tanktrouble.com	archive/commoncrawl/warc-bodies/20191019_tanktrouble.com__garage.txt	daabf317cd1f032105bb8cb71278b0a53af0795f942fe423864b8a3ab9873b03	—	—	0	0	0
garage	20191120	tanktrouble.com	archive/commoncrawl/warc-bodies/20191120_tanktrouble.com__garage.txt	311366884171d53cf9f8ae8a2ed36c183c0451c07b38c1619f6531dcb1b59d9e	—	—	0	0	0
garage	20191209	tanktrouble.com	archive/commoncrawl/warc-bodies/20191209_tanktrouble.com__garage.txt	42d49b3f01d5723fa0d2dafac0d6e23728c9bcfcdd7baa400accaafecfe4b1a6	—	—	0	0	0
garage	20200121	tanktrouble.com	archive/commoncrawl/warc-bodies/20200121_tanktrouble.com__garage.txt	2d06d4b8bc710ce4a862ea585e920d0280268540b5ab966858da8f22cd48a997	—	—	0	0	0
garage	20200217	tanktrouble.com	archive/commoncrawl/warc-bodies/20200217_tanktrouble.com__garage.txt	d449080ac786fc036ec640f48bc31746794caa76dc3d0b6a4dc0ea427c1e44d1	—	—	0	0	0
garage	20200228	www.tanktrouble.com	archive/commoncrawl/warc-bodies/20200228_www.tanktrouble.com__garage.txt	e812bcc2c860564591ece03ccbf38edb063f6ad5304da3a4b6585a487da8786f	—	—	0	0	0
garage	20200409	tanktrouble.com	archive/commoncrawl/warc-bodies/20200409_tanktrouble.com__garage.txt	f7740d2fea12e23f5fce0f19e2505b4f334e8ba3f117e06965cf4dc77d38b424	—	—	0	0	0
garage	20200603	tanktrouble.com	archive/commoncrawl/warc-bodies/20200603_tanktrouble.com__garage.txt	4a0c87022cd40023e85ac6402cd8b4568db5286e181ef578a40537687187be9c	—	—	0	0	0
garage	20200705	tanktrouble.com	archive/commoncrawl/warc-bodies/20200705_tanktrouble.com__garage.txt	f5f5392ece2e3efe27e3bc3f1a6b6dd64d2388e9eb4812fe5f0f200d615cfdfe	—	—	0	0	0
garage	20200803	tanktrouble.com	archive/commoncrawl/warc-bodies/20200803_tanktrouble.com__garage.txt	9c75efc8742b19922e6d4c41ba21fe9da1c6411974b93d508fe60ea6e2f358e1	—	—	0	0	0
garage	20200926	tanktrouble.com	archive/commoncrawl/warc-bodies/20200926_tanktrouble.com__garage.txt	fa77138299c3feb8a6c6ff2169ab5429735c097d1836e7280b6cf87f5fc9a778	—	—	0	0	0
garage	20201024	tanktrouble.com	archive/commoncrawl/warc-bodies/20201024_tanktrouble.com__garage.txt	ec73e715a4d66b207832a7c60273524bf407bebf9df4880dfc535a659c992b20	—	—	0	0	0
garage	20201204	tanktrouble.com	archive/commoncrawl/warc-bodies/20201204_tanktrouble.com__garage.txt	34ecb00503684c562255dd453f56a46adb9d3077bfb4faf2c3f61d667f3f5884	—	—	0	0	0
infirmary	20120206	www.tanktrouble.com	archive/commoncrawl/warc-bodies/20120206_www.tanktrouble.com_infirmary_.txt	9ae933b866edd4c4678574760dc2534a84a250a836d7e3f56dce03a93f444f25	—	—	0	0	0
infirmary	20130620	www.tanktrouble.com	archive/commoncrawl/warc-bodies/20130620_www.tanktrouble.com_infirmary_.txt	7c8d496aeea7f5fa4122186cc9a5701e4e19331be800c3df0162aa8c3c550eaf	—	—	0	0	0
infirmary	20131213	www.tanktrouble.com	archive/commoncrawl/warc-bodies/20131213_www.tanktrouble.com_infirmary_.txt	f5d126bbd4b9c755c71af4ad680b857d5d19f21c75d7ab479fdd5d994fe6ae75	—	—	0	0	0
infirmary	20150802	tanktrouble.com	archive/commoncrawl/warc-bodies/20150802_tanktrouble.com_infirmary_.txt	f5d126bbd4b9c755c71af4ad680b857d5d19f21c75d7ab479fdd5d994fe6ae75	—	—	0	0	0
infirmary	20160208	tanktrouble.com	archive/commoncrawl/warc-bodies/20160208_tanktrouble.com_infirmary_.txt	5101d9186ebb13415a31778eb286ac55972e50dbb7ba4c8ed7e77c71e05925a0	—	—	0	0	0
infirmary	20160526	tanktrouble.com	archive/commoncrawl/warc-bodies/20160526_tanktrouble.com_infirmary_.txt	7b781fec0a4e5bd455e85ecd4d32ea7276c92edf740d806473326c032b809293	—	—	0	0	0
infirmary	20180116	tanktrouble.com	archive/commoncrawl/warc-bodies/20180116_tanktrouble.com_infirmary_.txt	be5a77ae2a87df8c0152064c48de022a6d5f3c82d68a9a89d3f68928bce44f31	—	—	0	0	0
infirmary	20180722	tanktrouble.com	archive/commoncrawl/warc-bodies/20180722_tanktrouble.com_infirmary_.txt	be5a77ae2a87df8c0152064c48de022a6d5f3c82d68a9a89d3f68928bce44f31	—	—	0	0	0
lab	20100908	tanktrouble.com	archive/commoncrawl/warc-bodies/20100908_tanktrouble.com__lab.txt	23909bac657118e21ac29a642484cb55601e56d26151c2ad654882de585cb929	—	—	0	0	0
lab	20130526	www.tanktrouble.com	archive/commoncrawl/warc-bodies/20130526_www.tanktrouble.com__lab.txt	df2a18b8fd2385f903d5b87396e80430bd2e8635b0beeff11146dba70255f4c5	—	—	0	0	0
lab	20170124	tanktrouble.com	archive/commoncrawl/warc-bodies/20170124_tanktrouble.com__lab.txt	bfca254471e25266291ba6434d44cf753a115a0a7c8e3a5ac45858805c2b30be	—	—	0	0	0
lab	20170228	tanktrouble.com	archive/commoncrawl/warc-bodies/20170228_tanktrouble.com__lab.txt	3bdcf665e35265a37fadfa628e6621e9a5d305871703351e9dc1eb7d905472ad	—	—	0	0	0
lab	20170429	tanktrouble.com	archive/commoncrawl/warc-bodies/20170429_tanktrouble.com__lab.txt	6e9f40f202b05c18d9f4b694405d36b8a7d0f6387760618f5bd8a3042500e2a4	—	—	0	0	0
lab	20170625	tanktrouble.com	archive/commoncrawl/warc-bodies/20170625_tanktrouble.com__lab.txt	c84b66a59599ebbcbf3b764318a66ba0bbc39a80db8ba9cb3b76188f9b79fc83	—	—	0	0	0
lab	20170817	tanktrouble.com	archive/commoncrawl/warc-bodies/20170817_tanktrouble.com__lab.txt	858d0f510c3b1e7adc6d50bc31b2ba7dcfefd7ffb1d2b878c6233a5558fb6673	—	—	0	0	0
lab	20171022	tanktrouble.com	archive/commoncrawl/warc-bodies/20171022_tanktrouble.com__lab.txt	f539f8d3a22c0c3af8c35e0b15d297bc0cb5ae9738dd459adcbf03425c1df88c	—	—	0	0	0
lab	20171212	tanktrouble.com	archive/commoncrawl/warc-bodies/20171212_tanktrouble.com__lab.txt	f4762b85fa2f10a97fd3df17b192ae800f44e63d1f99cfc806dcee88e789515d	—	—	0	0	0
lab	20180116	www.tanktrouble.com	archive/commoncrawl/warc-bodies/20180116_www.tanktrouble.com__lab.txt	adacd70cf68325f10ec37ed6d94f85b65438b828d274c4da577d63a1455eb954	—	—	0	0	0
lab	20180226	tanktrouble.com	archive/commoncrawl/warc-bodies/20180226_tanktrouble.com__lab.txt	b5b338505d425cb0509ab88d308e1155e389ad4ee8af2e5983258d49f1c7aa2e	—	—	0	0	0
lab	20180317	www.tanktrouble.com	archive/commoncrawl/warc-bodies/20180317_www.tanktrouble.com__lab.txt	89c6ea25acc354ad01db195ed2a35d164ff877ab4cdb4d1f27ba236cda5fe8c0	—	—	0	0	0
lab	20180317214558	www.tanktrouble.com	archive/commoncrawl/warc-bodies/20180317214558_200_www.tanktrouble.com_@lab.txt	89c6ea25acc354ad01db195ed2a35d164ff877ab4cdb4d1f27ba236cda5fe8c0	—	—	0	0	0
lab	20180422	tanktrouble.com	archive/commoncrawl/warc-bodies/20180422_tanktrouble.com__lab.txt	2b445e78b8bfea3b186f289f26e0744c1f2f3b823dd89c5ce0ce18ef9dd2e822	—	—	0	0	0
lab	20180619	www.tanktrouble.com	archive/commoncrawl/warc-bodies/20180619_www.tanktrouble.com__lab.txt	19015795cb4c548ee301de255f19cdb43e87c7b27fe1e993c9705dd50d9b01ea	—	—	0	0	0
lab	20180620	tanktrouble.com	archive/commoncrawl/warc-bodies/20180620_tanktrouble.com__lab.txt	b68447a0db712f2bf3360b7416aaac95091f5881387e02ee6c5e172ef19eded0	—	—	0	0	0
lab	20180814	tanktrouble.com	archive/commoncrawl/warc-bodies/20180814_tanktrouble.com__lab.txt	4214249026dc30c0328511f495769fcf72f0097d2c3464350b176a44d1e58ca3	—	—	0	0	0
lab	20181020	tanktrouble.com	archive/commoncrawl/warc-bodies/20181020_tanktrouble.com__lab.txt	c1895d1489896bfe42005644bcd2b70333913eef83184e1b44706f80c89ef848	—	—	0	0	0
lab	20181020	www.tanktrouble.com	archive/commoncrawl/warc-bodies/20181020_www.tanktrouble.com__lab.txt	862a334659d1f042230895822fb4ae2f04370bb3895b0fc72a2b9fe733840758	—	—	0	0	0
lab	20181214	tanktrouble.com	archive/commoncrawl/warc-bodies/20181214_tanktrouble.com__lab.txt	98fe410cb767cac3c86f9506af323a5f33735556e95b04f35ad6e5ce6dec09d4	—	—	0	0	0
lab	20190123	tanktrouble.com	archive/commoncrawl/warc-bodies/20190123_tanktrouble.com__lab.txt	f425a280b648c5ee85c6a39a1aa6526e24bafe38f5ee231b3699a748f1c50e26	—	—	0	0	0
lab	20190222	tanktrouble.com	archive/commoncrawl/warc-bodies/20190222_tanktrouble.com__lab.txt	5bdeea196d926a41cb0796855c6627405fd37af0b72a3a249766e82f2c46cbc6	—	—	0	0	0
lab	20190318	tanktrouble.com	archive/commoncrawl/warc-bodies/20190318_tanktrouble.com__lab.txt	72947575594fe2c55e0a2dc179c2ad42fc5c1ebcfc28b66ff3a1a3c1d9efd2b2	—	—	0	0	0
lab	20190426	tanktrouble.com	archive/commoncrawl/warc-bodies/20190426_tanktrouble.com__lab.txt	702fd4659caa52011f070583e34352ff7ea1da5a91a5192cfd9ef0cb67bbc2a4	—	—	0	0	0
lab	20190620	tanktrouble.com	archive/commoncrawl/warc-bodies/20190620_tanktrouble.com__lab.txt	46cbd40faca11c30a87be11c88e5c70e6f4753fa449018db12dae5ac470d1ce4	—	—	0	0	0
lab	20190717	tanktrouble.com	archive/commoncrawl/warc-bodies/20190717_tanktrouble.com__lab.txt	9d3147c13baeeb770dcd7d64198a92f6270783fe574b8a31b21742b758f727c5	—	—	0	0	0
lab	20190822	tanktrouble.com	archive/commoncrawl/warc-bodies/20190822_tanktrouble.com__lab.txt	31e6cf3fbb6c9aeb7cec80a1593942249b4c9b2b8437ab67ae345eef8b3dc2d0	—	—	0	0	0
lab	20190922	tanktrouble.com	archive/commoncrawl/warc-bodies/20190922_tanktrouble.com__lab.txt	091498e032511b012e87bcf316fbc3a2482eb605fe3ca924fec310aa2270db40	—	—	0	0	0
lab	20191019	tanktrouble.com	archive/commoncrawl/warc-bodies/20191019_tanktrouble.com__lab.txt	b6a2729d6d6692022d2feff7d2bc129377836274de3f7d2d8e18fa265acc656c	—	—	0	0	0
lab	20191120	tanktrouble.com	archive/commoncrawl/warc-bodies/20191120_tanktrouble.com__lab.txt	633be1fb5ab68dd62f4a908034cd0a4790bcb196f50de585fff2c5def845987f	—	—	0	0	0
lab	20191209	tanktrouble.com	archive/commoncrawl/warc-bodies/20191209_tanktrouble.com__lab.txt	cb6bbb6b56f3cb3fc3dfcbf7a7ee7477b22858aba53da4a4172aeddc92349ab2	—	—	0	0	0
lab	20200121	tanktrouble.com	archive/commoncrawl/warc-bodies/20200121_tanktrouble.com__lab.txt	b19e0576aa406ed4186a0e07da11079619b54c826162d14a832a1c9b14b14d6c	—	—	0	0	0
lab	20200217	tanktrouble.com	archive/commoncrawl/warc-bodies/20200217_tanktrouble.com__lab.txt	af952f753e97edf7b74fcd5811587c27b479a20e2a767436868110c0e4630b93	—	—	0	0	0
lab	20200228	www.tanktrouble.com	archive/commoncrawl/warc-bodies/20200228_www.tanktrouble.com__lab.txt	a4cb4607ce81339e67c33965451e19b3199b8dd7f5e8df83848bc73e9aed7db9	—	—	0	0	0
lab	20200409	tanktrouble.com	archive/commoncrawl/warc-bodies/20200409_tanktrouble.com__lab.txt	6e7ea47d2c27d24fb66527b097ca5794e1888adcd187120212fe27e20d453ac9	—	—	0	0	0
lab	20200603	tanktrouble.com	archive/commoncrawl/warc-bodies/20200603_tanktrouble.com__lab.txt	acc309056b6f6cdb69d678b270fb077c73a18d64ef4ef98313018133fc3f06d4	—	—	0	0	0
lab	20200705	tanktrouble.com	archive/commoncrawl/warc-bodies/20200705_tanktrouble.com__lab.txt	bcdae62f4c0e1d84062a6bb911b95d4e295cb9f849da46d6e80fe411b93a2764	—	—	0	0	0
lab	20200803	tanktrouble.com	archive/commoncrawl/warc-bodies/20200803_tanktrouble.com__lab.txt	c90ae2ad3af6a2bded36c7b9cb7c238e10eb4ff1b5e21ba5d3477650adb736cd	—	—	0	0	0
lab	20200926	tanktrouble.com	archive/commoncrawl/warc-bodies/20200926_tanktrouble.com__lab.txt	223487cbdbef2ed7ed2d4692e20e258ec4d69586929ef2f4efca9d77df5a136b	—	—	0	0	0
lab	20201024	tanktrouble.com	archive/commoncrawl/warc-bodies/20201024_tanktrouble.com__lab.txt	8add6aea22943d722cd7e00102a4d5752d96277005df4cb8c6b294b0d758293a	—	—	0	0	0
lab	20201204	tanktrouble.com	archive/commoncrawl/warc-bodies/20201204_tanktrouble.com__lab.txt	3cf8d929e53f047507290c5e81f23152df77e9fb1d92f03023ef6492ca2937c9	—	—	0	0	0
news	20100908	tanktrouble.com	archive/commoncrawl/warc-bodies/20100908_tanktrouble.com__news.txt	1d36b47b67c841be34dc870f8a90a4979cd88ff68166f7e9c2853d6cf5df53ac	—	—	0	0	0
news	20130620	www.tanktrouble.com	archive/commoncrawl/warc-bodies/20130620_www.tanktrouble.com__news.txt	f6f8b6027496cd3c633f70e30b6b510a9aae80d16460e0019da17d3fa782a5be	—	—	0	0	0
news	20170124	tanktrouble.com	archive/commoncrawl/warc-bodies/20170124_tanktrouble.com__news.txt	07777fdfd208305c0747346d4f0082399cf83455d384fccb1fc8f9459d0b12bc	—	—	0	0	0
news	20170228	tanktrouble.com	archive/commoncrawl/warc-bodies/20170228_tanktrouble.com__news.txt	ca37a3658d01f2fd9fb8c3d115aa866806edd444f39457a6f10432ba4ce682e9	—	—	0	0	0
news	20170429	tanktrouble.com	archive/commoncrawl/warc-bodies/20170429_tanktrouble.com__news.txt	94d2f8e2ec300e4b627c66550ba6d60908018603e6ab462f1155f1605ac5cc2b	—	—	0	0	0
news	20170625	tanktrouble.com	archive/commoncrawl/warc-bodies/20170625_tanktrouble.com__news.txt	a6b9206eee7d92e8272b76235fc87387a49acda2923877df207ff62d6bbbaba3	—	—	0	0	0
news	20170817	tanktrouble.com	archive/commoncrawl/warc-bodies/20170817_tanktrouble.com__news.txt	7fd81015dacbe23a501c6d068593e3b5132f116f0c584381e5a633efac695839	—	—	0	0	0
news	20171022	tanktrouble.com	archive/commoncrawl/warc-bodies/20171022_tanktrouble.com__news.txt	739c041ba2e8912b17d67eaea46376015cd9d42162be8a942f9b411411251dac	—	—	0	0	0
news	20171212	tanktrouble.com	archive/commoncrawl/warc-bodies/20171212_tanktrouble.com__news.txt	355abf86566c406a1c106e4753319a223173b9b4328331ada827554eadd1cf13	—	—	0	0	0
news	20180116	www.tanktrouble.com	archive/commoncrawl/warc-bodies/20180116_www.tanktrouble.com__news.txt	062e3bad7b3c61bb604baf236750a5b1c59341bf4fdc017dec1d36837cc358e5	—	—	0	0	0
news	20180226	tanktrouble.com	archive/commoncrawl/warc-bodies/20180226_tanktrouble.com__news.txt	95eae646edfe722f9a83ee9d42444912573a9614c658eb9cec1d35a60921ef83	—	—	0	0	0
news	20180317	www.tanktrouble.com	archive/commoncrawl/warc-bodies/20180317_www.tanktrouble.com__news.txt	291e98581fbe36faf6c98dda00e582e8231bfbf3c0e264f831058079d93272af	—	—	0	0	0
news	20180317214533	www.tanktrouble.com	archive/commoncrawl/warc-bodies/20180317214533_200_www.tanktrouble.com_@news.txt	291e98581fbe36faf6c98dda00e582e8231bfbf3c0e264f831058079d93272af	—	—	0	0	0
news	20180422	tanktrouble.com	archive/commoncrawl/warc-bodies/20180422_tanktrouble.com__news.txt	55f5d0a1beff1f6ae2b4f6347c64819fab06ef58984920c30407d6346948baa1	—	—	0	0	0
news	20180619	www.tanktrouble.com	archive/commoncrawl/warc-bodies/20180619_www.tanktrouble.com__news.txt	93bca58ef4367ea4d016cc3a3ebf09f3e65075cc3e197eb7cc9262562f038438	—	—	0	0	0
news	20180620	tanktrouble.com	archive/commoncrawl/warc-bodies/20180620_tanktrouble.com__news.txt	bf0ec77d6d46f2a8fb0a231e02b33bad93c69b574deaec12f891e2ba0c4cbfaa	—	—	0	0	0
news	20180814	tanktrouble.com	archive/commoncrawl/warc-bodies/20180814_tanktrouble.com__news.txt	fdd920e949cdb5df6903b94002857fcc0480fc7e6afef1b3636b59165c3f148f	—	—	0	0	0
news	20181020	tanktrouble.com	archive/commoncrawl/warc-bodies/20181020_tanktrouble.com__news.txt	0ec1a7c887e9072515dcbc2ce54e03e3b8cc5e7ac4b516586bf895eaff6a7149	—	—	0	0	0
news	20181020	www.tanktrouble.com	archive/commoncrawl/warc-bodies/20181020_www.tanktrouble.com__news.txt	39b9d10bc839f18f957417ddc68c0cc0e71e18d3d7e9ec58886eb5efcda55260	—	—	0	0	0
news	20181214	tanktrouble.com	archive/commoncrawl/warc-bodies/20181214_tanktrouble.com__news.txt	348e20d5c66bebb3b6eca5d2514c6206145eddf6da222a3d475d625bcd4db8e8	—	—	0	0	0
news	20181218	tanktrouble.com	archive/commoncrawl/warc-bodies/20181218_tanktrouble.com__news.txt	7b7e0756a58fc76bf98fd00efe3e1561dc0d675d0c0709fe5ca239184911cd05	—	—	0	0	0
news	20190222	tanktrouble.com	archive/commoncrawl/warc-bodies/20190222_tanktrouble.com__news.txt	604f9dd2f323f3d57cf866081cd32f6dcf1e242f32edaad8f09e025120a7866f	—	—	0	0	0
news	20190426	tanktrouble.com	archive/commoncrawl/warc-bodies/20190426_tanktrouble.com__news.txt	7ddb99ca3c0577926638abc9dc9d01ecd2d7e111a5e63f94f467e51eb4e5176c	—	—	0	0	0
news	20190620	tanktrouble.com	archive/commoncrawl/warc-bodies/20190620_tanktrouble.com__news.txt	af94cd13682b5a5fff1a2bb34370974efaeb10655880b619c071a692d4db0cdc	—	—	0	0	0
news	20190717	tanktrouble.com	archive/commoncrawl/warc-bodies/20190717_tanktrouble.com__news.txt	baf99992d3b1ffa8d01fed4ac5cd51322240ad8f9fe4f17829a4e0c1400d2735	—	—	0	0	0
news	20190822	tanktrouble.com	archive/commoncrawl/warc-bodies/20190822_tanktrouble.com__news.txt	48e526b6d7d17787a1fb4e844c2198fe41fa9d8aba3681eae0f98920246b8b85	—	—	0	0	0
news	20190922	tanktrouble.com	archive/commoncrawl/warc-bodies/20190922_tanktrouble.com__news.txt	d670b54d696bb349d475c03b82171e10c411fed3dedc861b4c0fce07caec6268	—	—	0	0	0
news	20191019	tanktrouble.com	archive/commoncrawl/warc-bodies/20191019_tanktrouble.com__news.txt	b197a02ee9cbd41607f91545c0de7d63d10fc93596c85417608de04f26f581af	—	—	0	0	0
news	20191120	tanktrouble.com	archive/commoncrawl/warc-bodies/20191120_tanktrouble.com__news.txt	aa251e20423d9ea960c71fc2358fec2d745c5a6a4df2cfc0d95564bdfdbd6afb	—	—	0	0	0
news	20191209	tanktrouble.com	archive/commoncrawl/warc-bodies/20191209_tanktrouble.com__news.txt	b9945f0c3edba60557ac516169c7eafe405f7c71b9cd9ab8e3cb00a3bd10d727	—	—	0	0	0
news	20200121	tanktrouble.com	archive/commoncrawl/warc-bodies/20200121_tanktrouble.com__news.txt	df0a6c1043315ccc95c1b82a99c4f0285b5c54c62c3817baa91b02c8da5a2a51	—	—	0	0	0
news	20200217	tanktrouble.com	archive/commoncrawl/warc-bodies/20200217_tanktrouble.com__news.txt	1857d326cf5afcf45e4ba9ecfcd0666888f2741132789190701097c8e5809e3d	—	—	0	0	0
news	20200228	www.tanktrouble.com	archive/commoncrawl/warc-bodies/20200228_www.tanktrouble.com__news.txt	79a8de441b27a9bb3ed49b167c2d64560d969471cf655eb231869048c9fa66fb	—	—	0	0	0
news	20200409	tanktrouble.com	archive/commoncrawl/warc-bodies/20200409_tanktrouble.com__news.txt	9466457e5fb97aa5736204bbc898be2f7e16d6151006baca07ad3fec3df07f21	—	—	0	0	0
news	20200603	tanktrouble.com	archive/commoncrawl/warc-bodies/20200603_tanktrouble.com__news.txt	0ee0e8458845eeac2427b8c1fc80ad43e98e6b1fcfec949f7d8e15bda1a90f08	—	—	0	0	0
news	20200705	tanktrouble.com	archive/commoncrawl/warc-bodies/20200705_tanktrouble.com__news.txt	ed20d423b811000b14f6ee0232434463f41547bdb9b304e2d1f51ef9d63b897a	—	—	0	0	0
news	20200803	tanktrouble.com	archive/commoncrawl/warc-bodies/20200803_tanktrouble.com__news.txt	7f105c83e254661fb9a1cf5de798db7e201027eb60f127dabc9a3b3f5e94ad66	—	—	0	0	0
news	20200926	tanktrouble.com	archive/commoncrawl/warc-bodies/20200926_tanktrouble.com__news.txt	5a270f38673cadb0ef812998ecc0d2298754763a207b0d270ff8d1d996b7acf1	—	—	0	0	0
news	20201024	tanktrouble.com	archive/commoncrawl/warc-bodies/20201024_tanktrouble.com__news.txt	9501dd2cdc0919c010041c83484323cbbad4bbd53e691dec37d59932261251d8	—	—	0	0	0
news	20201204	tanktrouble.com	archive/commoncrawl/warc-bodies/20201204_tanktrouble.com__news.txt	45e05c7a1e0886f1aead5e43561ae1342aa7deca4437f221847e946dd865e024	—	—	0	0	0
root	20100208	tanktrouble.com	archive/commoncrawl/warc-bodies/20100208_tanktrouble.com_.txt	58022421c760c48603b59146ab389e0b908f5f499247c45309f9d1ad180e4796	—	—	0	0	0
root	20100208	www.tanktrouble.com	archive/commoncrawl/warc-bodies/20100208_www.tanktrouble.com_.txt	ea0cb1674cf5b76e35ac705e325872bb985dc657eaf7e780c03b9dee20692bfd	—	—	0	0	0
root	20100310	tanktrouble.com	archive/commoncrawl/warc-bodies/20100310_tanktrouble.com_.txt	00a0a854b8bd79f7c65e8c87de5989f573518e971fb272f10817540459e6cbd8	—	—	0	0	0
root	20100310	www.tanktrouble.com	archive/commoncrawl/warc-bodies/20100310_www.tanktrouble.com_.txt	3a8540c7f01d99bd91fdbf289ea172d45a793a479a8875f9a68040239339819f	—	—	0	0	0
root	20100903	www.tanktrouble.com	archive/commoncrawl/warc-bodies/20100903_www.tanktrouble.com_.txt	664febe6bbac1c4ace1e8d5523572c0c00ef8d3e47b696c86941f44a018f5869	—	—	0	0	0
root	20120128	www.tanktrouble.com	archive/commoncrawl/warc-bodies/20120128_www.tanktrouble.com_.txt	7c49f2a2993df4bf9a2cff07e5c2f504b89cc9885871d4c047b3dd4b69c62bab	—	—	0	0	0
root	20120519	tanktrouble.com	archive/commoncrawl/warc-bodies/20120519_tanktrouble.com_.txt	a248655e1c36bcca39de4bb7d7f603d0fea500e82604c49181ae8e63348ebadf	—	—	0	0	0
root	20120519	www.tanktrouble.com	archive/commoncrawl/warc-bodies/20120519_www.tanktrouble.com_.txt	770c0dee81db6dc3e9e124c4b23a014d601a500b2f1c626f93c9e8abdd4d51b3	—	—	0	0	0
root	20130523	tanktrouble.com	archive/commoncrawl/warc-bodies/20130523_tanktrouble.com_.txt	1fc2c6e957239b7ca54cd9d88319a3d21f08348d7369a3fd764fb861f00e9200	—	—	0	0	0
root	20130525	www.tanktrouble.com	archive/commoncrawl/warc-bodies/20130525_www.tanktrouble.com_.txt	6adaaf663ff6f762b33c8cfd261ec4645a364cf7be75c01e5f2f112eb3e52314	—	—	0	0	0
root	20131206	tanktrouble.com	archive/commoncrawl/warc-bodies/20131206_tanktrouble.com_.txt	2ca2857a1395060c160dfa2648a529672a20d21022322fa5ea8b75bb22183dba	—	—	0	0	0
root	20140307	tanktrouble.com	archive/commoncrawl/warc-bodies/20140307_tanktrouble.com_.txt	6463670a19d21b28139e8278095bbf46e187be1285eb14f71f59a6f16de46fbd	—	—	0	0	0
root	20140308	www.tanktrouble.com	archive/commoncrawl/warc-bodies/20140308_www.tanktrouble.com_.txt	6eeb4d2c6301bd5907621a39dbc504972ed9dcf9d457f28cd6b0b94423b5f266	—	—	0	0	0
root	20140420	tanktrouble.com	archive/commoncrawl/warc-bodies/20140420_tanktrouble.com_.txt	72451ede00ca286760c8ba02a229c2814932a3c3aa6253344160cb7f6235ee9a	—	—	0	0	0
root	20140421	www.tanktrouble.com	archive/commoncrawl/warc-bodies/20140421_www.tanktrouble.com_.txt	a2322001743251f68e8717a98f72b9dbd8a82b45bcc54923556a5094909b325b	—	—	0	0	0
root	20140424	tanktrouble.com	archive/commoncrawl/warc-bodies/20140424_tanktrouble.com_.txt	76fc3cedd54c435cad4a214668c2cb60d33d6edd3e149e9ef8950d40fa227e0b	—	—	0	0	0
root	20140425	www.tanktrouble.com	archive/commoncrawl/warc-bodies/20140425_www.tanktrouble.com_.txt	4e448420b9716b6995b5ce00740712da648b88ec961ebd91bd12490d608e1435	—	—	0	0	0
root	20140722	tanktrouble.com	archive/commoncrawl/warc-bodies/20140722_tanktrouble.com_.txt	a20ba36851e1df292178c535aebee752d30b958679faa1178ec66a9645e622f5	—	—	0	0	0
root	20140723	www.tanktrouble.com	archive/commoncrawl/warc-bodies/20140723_www.tanktrouble.com_.txt	c63aed7075c38dc3385a4da8e2e8c372adc60d975a33663c237a375d82ea8580	—	—	0	0	0
root	20140728	tanktrouble.com	archive/commoncrawl/warc-bodies/20140728_tanktrouble.com_.txt	49b92113fdc0e40d454d675a175a11ec9344f520bf2a9d44b5d7fa5ce7c65c81	—	—	0	0	0
root	20140802	www.tanktrouble.com	archive/commoncrawl/warc-bodies/20140802_www.tanktrouble.com_.txt	236588d6df80a957295190300da6aa8124ef3ca1b36363b8c182c84e3b05c15e	—	—	0	0	0
root	20140820	www.tanktrouble.com	archive/commoncrawl/warc-bodies/20140820_www.tanktrouble.com_.txt	800dd554c0f92ce3c2f3e07e14332c2d4f229f9649e734e9616fbd367db3f8b2	—	—	0	0	0
root	20140823	tanktrouble.com	archive/commoncrawl/warc-bodies/20140823_tanktrouble.com_.txt	70dada0937bf937da0d167c411aabd1e2d2db5d969b7cd6420d952638da29371	—	—	0	0	0
root	20140902	www.tanktrouble.com	archive/commoncrawl/warc-bodies/20140902_www.tanktrouble.com_.txt	a828bbd4a9297d7fba4cbe965d8618f9f74d49ea68cc93a4fead97ee7e530b8d	—	—	0	0	0
root	20140903	tanktrouble.com	archive/commoncrawl/warc-bodies/20140903_tanktrouble.com_.txt	133ba29aa0665190b33ef352f1601ed66a0815f63bc2ccd5844a6c4457e0313c	—	—	0	0	0
root	20140919	tanktrouble.com	archive/commoncrawl/warc-bodies/20140919_tanktrouble.com_.txt	887910f560420fb99efdd7b02acf77141a66309a98c1b9cf6a75b124a2809ad6	—	—	0	0	0
root	20140919	www.tanktrouble.com	archive/commoncrawl/warc-bodies/20140919_www.tanktrouble.com_.txt	b0ed629519845969a25bb4f274e163e67a3b8c1eba8348ebb1950b5ffdc26454	—	—	0	0	0
root	20140930	tanktrouble.com	archive/commoncrawl/warc-bodies/20140930_tanktrouble.com_.txt	5491411ee361801dae3b9df0fd9065f42e3a25ec9fb28ba89c85200785965db8	—	—	0	0	0
root	20141022	tanktrouble.com	archive/commoncrawl/warc-bodies/20141022_tanktrouble.com_.txt	c898d5c7159db249220fa24077b897d6ede6afb41f5f78352d27b0f88e84a3ee	—	—	0	0	0
root	20141023	tanktrouble.com	archive/commoncrawl/warc-bodies/20141023_tanktrouble.com_.txt	76c8d3487444d39e9bbfc59352d229571e16d2db520d75ec44251b0f515fe8ad	—	—	0	0	0
root	20141024	tanktrouble.com	archive/commoncrawl/warc-bodies/20141024_tanktrouble.com_.txt	9bad3b136cd07a15bc20ea15a1ac55882bd1eacfda93673d2f724a6547dab0c8	—	—	0	0	0
root	20141026	www.tanktrouble.com	archive/commoncrawl/warc-bodies/20141026_www.tanktrouble.com_.txt	e8669899ce6f5195dae7beb2a4b2ca684dc7ee57bf2631875323a0f2952fb375	—	—	0	0	0
root	20141030	www.tanktrouble.com	archive/commoncrawl/warc-bodies/20141030_www.tanktrouble.com_.txt	086288bd2813c60e8bfc935bb463275da092080987115da8de2f231dd8158650	—	—	0	0	0
root	20141031	tanktrouble.com	archive/commoncrawl/warc-bodies/20141031_tanktrouble.com_.txt	0f83f60e5c35c032eef9549b123c45e20020946dbaf271bb52f0068ca0983c7b	—	—	0	0	0
root	20141122	www.tanktrouble.com	archive/commoncrawl/warc-bodies/20141122_www.tanktrouble.com_.txt	fb7211258b4ed3a5586ef02d43355b058147c96626ef6b0d5652699655633879	—	—	0	0	0
root	20141128	www.tanktrouble.com	archive/commoncrawl/warc-bodies/20141128_www.tanktrouble.com_.txt	369b2f02563bfd19623f6490da24fcbb578fd4c596bda587a0e4521cc53a5241	—	—	0	0	0
root	20141219	www.tanktrouble.com	archive/commoncrawl/warc-bodies/20141219_www.tanktrouble.com_.txt	c8fa42cd01ee122c945c25b784bc6afc6b6ae73909cc735e55ed0ae61b0d88aa	—	—	0	0	0
root	20141220	tanktrouble.com	archive/commoncrawl/warc-bodies/20141220_tanktrouble.com_.txt	79083f5b83f0894d77f03ef39ad61e63712b3fe3098ae52c3409e422c078c000	—	—	0	0	0
root	20150328	www.tanktrouble.com	archive/commoncrawl/warc-bodies/20150328_www.tanktrouble.com_.txt	a347138ee3bd20d398a611f458275a73bd0b887d9912649240de15ce478d1177	—	—	0	0	0
root	20150401	tanktrouble.com	archive/commoncrawl/warc-bodies/20150401_tanktrouble.com_.txt	614f1d8d53747f6f37a6112a4573f915e45d353d416af6d626f60a095c7d4697	—	—	0	0	0
root	20150503	www.tanktrouble.com	archive/commoncrawl/warc-bodies/20150503_www.tanktrouble.com_.txt	742469a4793665c489998917ea5655ebaa84d9daea8b2d5cb80e5edd80be56fd	—	—	0	0	0
root	20150505	tanktrouble.com	archive/commoncrawl/warc-bodies/20150505_tanktrouble.com_.txt	99c40c5db87536ca9f4b3783aba359ee7c281befffb77881cb90f17c868155db	—	—	0	0	0
root	20150523	tanktrouble.com	archive/commoncrawl/warc-bodies/20150523_tanktrouble.com_.txt	14abef58b79e6db870adc58754a3c80fff39dcb036a08c7e38c0aa04410afec3	—	—	0	0	0
root	20150530	www.tanktrouble.com	archive/commoncrawl/warc-bodies/20150530_www.tanktrouble.com_.txt	2e4f93bc6d282ae2c22e8e4d2b53a1b5f0a373cf58ff1913626ac31233bd7970	—	—	0	0	0
root	20150630	tanktrouble.com	archive/commoncrawl/warc-bodies/20150630_tanktrouble.com_.txt	6c79930f50a2e0e4408df6345ace5baee91934057f1bf53d2a199d9857e0aeda	—	—	0	0	0
root	20150702	www.tanktrouble.com	archive/commoncrawl/warc-bodies/20150702_www.tanktrouble.com_.txt	9ace4442286f6b77159f7425339e4bac43c4370a470f0f553b516eb4a1de0aa9	—	—	0	0	0
root	20150801	tanktrouble.com	archive/commoncrawl/warc-bodies/20150801_tanktrouble.com_.txt	814a6ba1eaafc86c15038facb867de60ee403491111977d8594071e3dc602f6f	—	—	0	0	0
root	20150805	tanktrouble.com	archive/commoncrawl/warc-bodies/20150805_tanktrouble.com_.txt	dadf7694d07187013375da1d9c9cfc3613f0bd7ef17b9889de22d617124a72b2	—	—	0	0	0
root	20150828	tanktrouble.com	archive/commoncrawl/warc-bodies/20150828_tanktrouble.com_.txt	d91fed81bef40d4b9336ded7fe5b9b731c31ae46532b6c86157dfb23cdb45b51	—	—	0	0	0
root	20150829	tanktrouble.com	archive/commoncrawl/warc-bodies/20150829_tanktrouble.com_.txt	7237f0fc4cb907ae3f3446660f0b9d1cdd7ceb61d3d3a1b20387190698aba9a4	—	—	0	0	0
root	20151004	tanktrouble.com	archive/commoncrawl/warc-bodies/20151004_tanktrouble.com_.txt	04133f7d6f48f18d0f41c313c7f30255b696085d18350ae8c8ecce3d5838601d	—	—	0	0	0
root	20151125	tanktrouble.com	archive/commoncrawl/warc-bodies/20151125_tanktrouble.com_.txt	d6888c17a6aea49b43021a1b138c056f76b55a6095b5172930e5a1e4916afe60	—	—	0	0	0
root	20151130	tanktrouble.com	archive/commoncrawl/warc-bodies/20151130_tanktrouble.com_.txt	c9295cbec51cd40343889813bde320f9745179bc24bfdb9bdd4070aeb60a3575	—	—	0	0	0
root	20160208	tanktrouble.com	archive/commoncrawl/warc-bodies/20160208_tanktrouble.com_.txt	0c2de99f0ca7107057e2da10cbae0873633551cd0bafdac4e22b4934661469aa	—	—	0	0	0
root	20160209	tanktrouble.com	archive/commoncrawl/warc-bodies/20160209_tanktrouble.com_.txt	198dec3046ece6af5e0531cd2d4f7cc93cf06e8b12607ef2d8f7f85a7f7a8fb6	—	—	0	0	0
root	20160525	tanktrouble.com	archive/commoncrawl/warc-bodies/20160525_tanktrouble.com_.txt	8cc285772b75f798fee69dc26047e48866d0f6c4fc336ece0c088c4c1af6ee0e	—	—	0	0	0
root	20160730	tanktrouble.com	archive/commoncrawl/warc-bodies/20160730_tanktrouble.com_.txt	3f6488c0c70ad0bd4491e0891664a757cdbc521b837b96bbd1b93df2ba6697b1	—	—	0	0	0
root	20160828	tanktrouble.com	archive/commoncrawl/warc-bodies/20160828_tanktrouble.com_.txt	cf704c7ddfc1afa6721cdcfcf10f51caf18de3db0b3f2d7a7cb83cb05ea2c423	—	—	0	0	0
root	20160929	tanktrouble.com	archive/commoncrawl/warc-bodies/20160929_tanktrouble.com_.txt	cbceee294d2b9137ad3b0dd79c1e84e6c82a9875e4eb0320c140dd4de94e4d75	—	—	0	0	0
root	20161024	tanktrouble.com	archive/commoncrawl/warc-bodies/20161024_tanktrouble.com_.txt	324b74e2c29e124f9fdbe740606d94394b561d40b7c0a13190a6a7c5657d2dd2	—	—	0	0	0
root	20161206	tanktrouble.com	archive/commoncrawl/warc-bodies/20161206_tanktrouble.com_.txt	de5701925701c59b737a81b10780e07d9c6bc2113cac07391bbc616e49e42a9e	—	—	0	0	0
root	20170123	tanktrouble.com	archive/commoncrawl/warc-bodies/20170123_tanktrouble.com_.txt	943da9dbf374b38a0426939b9f8b3b0e973371e3b797a9522ae3978121b9be7e	—	—	0	0	0
root	20170124	tanktrouble.com	archive/commoncrawl/warc-bodies/20170124_tanktrouble.com_.txt	f1f412f9ca8b4052a7ff925e849dbb7af8acf445b9164b3bf54ce37fa5f7d9ed	—	—	0	0	0
root	20170221	tanktrouble.com	archive/commoncrawl/warc-bodies/20170221_tanktrouble.com_.txt	ea5c09549cd1f7eebbc50b12dd816b0199facc8b6e245088a9580ae9ad7da0c9	—	—	0	0	0
root	20170221	www.tanktrouble.com	archive/commoncrawl/warc-bodies/20170221_www.tanktrouble.com_.txt	99c8ba7e9f1f79e7ba3d1c9a2fb41fd355f7428c5fffb429fc8e969c982e4a10	—	—	0	0	0
root	20170228	tanktrouble.com	archive/commoncrawl/warc-bodies/20170228_tanktrouble.com_.txt	3d0c2ae206e7ade1829ca401f6bc2aa493484190117653a881b34a09ac0a46ca	—	—	0	0	0
root	20170325	tanktrouble.com	archive/commoncrawl/warc-bodies/20170325_tanktrouble.com_.txt	664ccfd19e5136e17682d071d3d8740d2601cee1af2e99bf994007bbe9c5539c	—	—	0	0	0
root	20170327	tanktrouble.com	archive/commoncrawl/warc-bodies/20170327_tanktrouble.com_.txt	151a3369ac2e8c19d4655902182627484b8b589aefa94fa6d97a6c41347c3478	—	—	0	0	0
root	20170330	www.tanktrouble.com	archive/commoncrawl/warc-bodies/20170330_www.tanktrouble.com_.txt	28a0a3f01ccf34accfa51e8ea400e474eabc891e4849b5c2c1c0a0403a5d8a40	—	—	0	0	0
root	20170429	tanktrouble.com	archive/commoncrawl/warc-bodies/20170429_tanktrouble.com_.txt	87d9e9ae739e97f9a4d053595f45e09d16082c5290de678cfd5eb94c0f0d58e6	—	—	0	0	0
root	20170526	www.tanktrouble.com	archive/commoncrawl/warc-bodies/20170526_www.tanktrouble.com_.txt	84056ddf7e3e3fe2395bbef68aac07a23aea308086fef7f7813c281eb711896e	—	—	0	0	0
root	20170528	tanktrouble.com	archive/commoncrawl/warc-bodies/20170528_tanktrouble.com_.txt	8f738fae7c83576b699667d0fedc9d7a9ee5aad8b1dafe8644f613e5f0d8e877	—	—	0	0	0
root	20170727	www.tanktrouble.com	archive/commoncrawl/warc-bodies/20170727_www.tanktrouble.com_.txt	d806908e34267234c16bfe25d372bb18385f6bf2b1100606e3f8d4e35d681ed5	—	—	0	0	0
root	20170728	tanktrouble.com	archive/commoncrawl/warc-bodies/20170728_tanktrouble.com_.txt	37e10dafe99bce89c850903d559d32cf9b17e3e92258dfdc0170beaa2304dc3c	—	—	0	0	0
root	20170822	tanktrouble.com	archive/commoncrawl/warc-bodies/20170822_tanktrouble.com.txt	c82291ade542e5f198aedc1fb8527f039c2d070aa075f735642976bff0edbfe6	—	—	0	0	0
root	20170822	tanktrouble.com	archive/commoncrawl/warc-bodies/20170822_tanktrouble.com_.txt	63da42f0b7f309d587336950a13c5f178e75e0d797c2b4f8cdb2ca52a91db7fe	—	—	0	0	0
root	20170921	www.tanktrouble.com	archive/commoncrawl/warc-bodies/20170921_www.tanktrouble.com_.txt	bc34dd18d0cae6ef0904e39991d14fcd8bd54657b16abb810acd21c4d798bfd8	—	—	0	0	0
root	20170924	tanktrouble.com	archive/commoncrawl/warc-bodies/20170924_tanktrouble.com_.txt	0f6916e13be54484ba32fce587d10b12309fd4c05f8cd4e715b421ce7654f16c	—	—	0	0	0
root	20171022	tanktrouble.com	archive/commoncrawl/warc-bodies/20171022_tanktrouble.com_.txt	d7b1d4d3cb90f02eb8e0cfd398d09ab8eb6988a68f9657f3721e61048909877a	—	—	0	0	0
root	20171119	tanktrouble.com	archive/commoncrawl/warc-bodies/20171119_tanktrouble.com.txt	c32bec2aadfa224a78b260d42ae13c4b2e26921c7481279efae3fc42d62a0a52	—	—	0	0	0
root	20171119	tanktrouble.com	archive/commoncrawl/warc-bodies/20171119_tanktrouble.com_.txt	1121a56dd36a99e37c2cac86be1852bba1911d762e273169ecf3d824228ac3af	—	—	0	0	0
root	20171121	www.tanktrouble.com	archive/commoncrawl/warc-bodies/20171121_www.tanktrouble.com_.txt	858ae8d800cad4baaa0770acf57152a04ec4879a735ef7f8bc7e44956a0bf232	—	—	0	0	0
root	20171212	tanktrouble.com	archive/commoncrawl/warc-bodies/20171212_tanktrouble.com_.txt	55de3ddba9f628d88247e4e37a0001969a0c293de5b8254700e9ab18e7da8257	—	—	0	0	0
root	20180116	tanktrouble.com	archive/commoncrawl/warc-bodies/20180116_tanktrouble.com_.txt	cb32044a0f07b603f856cf8581ce8e9f986e8e81cf7811ad60b19b8bff78ae9d	—	—	0	0	0
root	20180116	www.tanktrouble.com	archive/commoncrawl/warc-bodies/20180116_www.tanktrouble.com_.txt	05a588468282e791b5a2e6022fee0ee7b7bea689a93c005fe451993f2b221ecd	—	—	0	0	0
root	20180223	tanktrouble.com	archive/commoncrawl/warc-bodies/20180223_tanktrouble.com_.txt	975cdc6ef64323fd1b2b16f514098e78487ed370b5e08457a7dce255b6a24bec	—	—	0	0	0
root	20180226	tanktrouble.com	archive/commoncrawl/warc-bodies/20180226_tanktrouble.com_.txt	c893ee1d0e6c04f11bfa65536ec59ce53c21e537002b3ac97d6689eee7f8f3f2	—	—	0	0	0
root	20180317	www.tanktrouble.com	archive/commoncrawl/warc-bodies/20180317_www.tanktrouble.com_.txt	815a05c8136f1457732d172c9781a2b38448bfe9c233758656c2587b3971f27f	—	—	0	0	0
root	20180317214202	www.tanktrouble.com	archive/commoncrawl/warc-bodies/20180317214202_200_www.tanktrouble.com_.txt	815a05c8136f1457732d172c9781a2b38448bfe9c233758656c2587b3971f27f	—	—	0	0	0
root	20180324	tanktrouble.com	archive/commoncrawl/warc-bodies/20180324_tanktrouble.com_.txt	8a9718d7eca195fc3caa89bc2bac9f827187bab365f13823060264fc98b9983a	—	—	0	0	0
root	20180324095757	tanktrouble.com	archive/commoncrawl/warc-bodies/20180324095757_200_tanktrouble.com_.txt	8a9718d7eca195fc3caa89bc2bac9f827187bab365f13823060264fc98b9983a	—	—	0	0	0
root	20180422	tanktrouble.com	archive/commoncrawl/warc-bodies/20180422_tanktrouble.com_.txt	1563820880be57b6fed3fd932393a636f05b3ac3c8b402cf813a794d8dfaac89	—	—	0	0	0
root	20180523	tanktrouble.com	archive/commoncrawl/warc-bodies/20180523_tanktrouble.com_.txt	92f65bcf10b059c25e4049bc402a01b97627aeddaacc07be20e0e094855010b6	—	—	0	0	0
root	20180527	www.tanktrouble.com	archive/commoncrawl/warc-bodies/20180527_www.tanktrouble.com_.txt	108c85cfbdcbb8c2f067fd8a3e54474d783507e4712f2568d6ae4b1e74804c88	—	—	0	0	0
root	20180620	tanktrouble.com	archive/commoncrawl/warc-bodies/20180620_tanktrouble.com_.txt	4fbe49f7726f1d7d945c8bba5d94c61a1e77738b98708a00bc4a477fea0b2d07	—	—	0	0	0
root	20180717	www.tanktrouble.com	archive/commoncrawl/warc-bodies/20180717_www.tanktrouble.com_.txt	b789468f3e20fe567fe3ba3b75e29b432c651a4d07a05a11650bd87a5c09d754	—	—	0	0	0
root	20180722	tanktrouble.com	archive/commoncrawl/warc-bodies/20180722_tanktrouble.com_.txt	b276f5b764e132679a6cc34dc94d692326201eafc46b483318956701a574146c	—	—	0	0	0
root	20180814	tanktrouble.com	archive/commoncrawl/warc-bodies/20180814_tanktrouble.com_.txt	27de304f1425e20756442e34c2de49d593a94946e839176880025ba493518cb1	—	—	0	0	0
root	20180925	tanktrouble.com	archive/commoncrawl/warc-bodies/20180925_tanktrouble.com_.txt	ab18b874d0a52e9020dba02c051e6960a82c22a020995748c1f0eb518fd633a8	—	—	0	0	0
root	20181020	tanktrouble.com	archive/commoncrawl/warc-bodies/20181020_tanktrouble.com_.txt	af22a135cfb53a46318ff29f02f774361360d3db7c548484e3f9d3aa867ba99a	—	—	0	0	0
root	20181020	www.tanktrouble.com	archive/commoncrawl/warc-bodies/20181020_www.tanktrouble.com_.txt	218a6b806ee583dd987c43a34489ae0edfefe8d2fb3f5cca5da82a764a3e4142	—	—	0	0	0
root	20181113	tanktrouble.com	archive/commoncrawl/warc-bodies/20181113_tanktrouble.com_.txt	f9ec4d5ce34aa2c70a558be31d12eff70efd7dbd6422535861effde9ac5c7800	—	—	0	0	0
root	20181114	tanktrouble.com	archive/commoncrawl/warc-bodies/20181114_tanktrouble.com_.txt	383209b4511d1d8ff10c3b20772063c7dcf7e2eb8fb955996f96a57e32a19a71	—	—	0	0	0
root	20181214	tanktrouble.com	archive/commoncrawl/warc-bodies/20181214_tanktrouble.com_.txt	a121ecbd246ee56a9c17227dc8dcd3e77b61de4f815d176f4f1ae2493251416f	—	—	0	0	0
root	20181218	www.tanktrouble.com	archive/commoncrawl/warc-bodies/20181218_www.tanktrouble.com_.txt	b872a5eed5211728ea6b7dadf7c009501a5f26fc914cabec48c27fdfb9e59044	—	—	0	0	0
root	20190123	tanktrouble.com	archive/commoncrawl/warc-bodies/20190123_tanktrouble.com_.txt	2549ac820fd0cb274022e5d7cc3eca3f0f731891d4fb753f4386a963631cc631	—	—	0	0	0
root	20190222	tanktrouble.com	archive/commoncrawl/warc-bodies/20190222_tanktrouble.com_.txt	1be491d47be2d9a59966883bf119f77ed84eb4c4643a216ad2fa2c217757255f	—	—	0	0	0
root	20190222	www.tanktrouble.com	archive/commoncrawl/warc-bodies/20190222_www.tanktrouble.com_.txt	5f21104d3ba99e7e3dab676af1c8f16bdd329fd5743f8388d93489aa1ab12d76	—	—	0	0	0
root	20190318	tanktrouble.com	archive/commoncrawl/warc-bodies/20190318_tanktrouble.com_.txt	331dec1a8fe22ae076d1bcccd62a3f8861029d852ffecf9461636b95793432c3	—	—	0	0	0
root	20190424	www.tanktrouble.com	archive/commoncrawl/warc-bodies/20190424_www.tanktrouble.com_.txt	791862d93da496c7483fb2c50f4864bf0f86396ee011636a78110cf4eac09a11	—	—	0	0	0
root	20190426	tanktrouble.com	archive/commoncrawl/warc-bodies/20190426_tanktrouble.com_.txt	2402e00be6505714bc45c385bf7256525c736d8097fc37c323c6589e5cb178dd	—	—	0	0	0
root	20190522	tanktrouble.com	archive/commoncrawl/warc-bodies/20190522_tanktrouble.com_.txt	47828f00afd187f9821ade6b577d05e33a1ef92039b2b62bb7d652f18954edf5	—	—	0	0	0
root	20190620	tanktrouble.com	archive/commoncrawl/warc-bodies/20190620_tanktrouble.com_.txt	2c4c81c09a9ba9780261821d2e78d9c2adb83aff1dd4abd00f6dea7c61028f24	—	—	0	0	0
root	20190626	www.tanktrouble.com	archive/commoncrawl/warc-bodies/20190626_www.tanktrouble.com_.txt	83bf0ce0da4ba9a27023b3d64d1c873d2f48ba3a07f77492d7594b5534bcaee1	—	—	0	0	0
root	20190717	tanktrouble.com	archive/commoncrawl/warc-bodies/20190717_tanktrouble.com_.txt	22aaf65ce4692c4dd7ad90901caba6130c386bbf2f601876ff0d9be6c101801d	—	—	0	0	0
root	20190822	tanktrouble.com	archive/commoncrawl/warc-bodies/20190822_tanktrouble.com_.txt	d7ac515d7dc659d90f4276bceaad80c73c7a9bf09016305fa7c43275ad229bad	—	—	0	0	0
root	20190826	www.tanktrouble.com	archive/commoncrawl/warc-bodies/20190826_www.tanktrouble.com_.txt	9ca44cc771cbac38244f6dbaecfd2a9d372bc883f90093cf9dc05988a89c5590	—	—	0	0	0
root	20190920	tanktrouble.com	archive/commoncrawl/warc-bodies/20190920_tanktrouble.com.txt	896b09ac64c294b6302f3d0070899d304121a3db0a61a8abe410f91383f97793	—	—	0	0	0
root	20190920	tanktrouble.com	archive/commoncrawl/warc-bodies/20190920_tanktrouble.com_.txt	f8a88c99a6282c65e076510f453ca9ec70c35c94e83c77f4c9866eab70e476ff	—	—	0	0	0
root	20190922	tanktrouble.com	archive/commoncrawl/warc-bodies/20190922_tanktrouble.com_.txt	eb2be7072b1298377fac45f8f11081691aef4e81a4d63da19d5c6454944af170	—	—	0	0	0
root	20191019	tanktrouble.com	archive/commoncrawl/warc-bodies/20191019_tanktrouble.com_.txt	b515b1670a9eaeb35725a471bb66474e5d4c1fc98bb29c6155fd02c6c3097eb0	—	—	0	0	0
root	20191019	www.tanktrouble.com	archive/commoncrawl/warc-bodies/20191019_www.tanktrouble.com_.txt	7ecfcdefa14f4d4a219bb5378e5ec2780cda9ad21046f8d4251917bfe477eb20	—	—	0	0	0
root	20191120	tanktrouble.com	archive/commoncrawl/warc-bodies/20191120_tanktrouble.com_.txt	96e91ab00a3f8c87f6d67dddeac37195539187275a15139075cc555df76852d5	—	—	0	0	0
root	20191209	tanktrouble.com	archive/commoncrawl/warc-bodies/20191209_tanktrouble.com_.txt	907bb8491908e4e9d26bb1d4209aac865f1a52a8df89a3a3c36a56c7e47515d8	—	—	0	0	0
root	20191212	www.tanktrouble.com	archive/commoncrawl/warc-bodies/20191212_www.tanktrouble.com_.txt	15c688b6314bbc1668078f4d302396523109cf4f9e09cf1bf45cb16f720f1a65	—	—	0	0	0
root	20200121	tanktrouble.com	archive/commoncrawl/warc-bodies/20200121_tanktrouble.com_.txt	4f7e6e1b86b2a884c9e642bea88f0a3f750e39fc454779bb9eec1cf6eb8ff7d5	—	—	0	0	0
root	20200124	www.tanktrouble.com	archive/commoncrawl/warc-bodies/20200124_www.tanktrouble.com_.txt	922ff3754d5001048560ab0e0a0ce30671337c4a1dc224be61e669df5589961b	—	—	0	0	0
root	20200129	tanktrouble.com	archive/commoncrawl/warc-bodies/20200129_tanktrouble.com.txt	2f4918dc4a1cd21e320ae76554a89297d256b3f05a0ef78ed62403c0056e0b49	—	—	0	0	0
root	20200129	tanktrouble.com	archive/commoncrawl/warc-bodies/20200129_tanktrouble.com_.txt	13e94859e8553d265172e33ddf33b2ddb42c8b4cc523fde87df4e3c8d4e47321	—	—	0	0	0
root	20200217	tanktrouble.com	archive/commoncrawl/warc-bodies/20200217_tanktrouble.com_.txt	cf24dc225a6c2857cfdb6432f0d818f6cb6441acf7f34e3848475127217164a6	—	—	0	0	0
root	20200404	tanktrouble.com	archive/commoncrawl/warc-bodies/20200404_tanktrouble.com.txt	84c688714187d2c0402a14b93981bbb51552f6eff518198128bfc649f28c28a7	—	—	0	0	0
root	20200404	tanktrouble.com	archive/commoncrawl/warc-bodies/20200404_tanktrouble.com_.txt	25510200b025cda8d0b20beb02ac5f77d764450b4ff7aaa279e847cb1a93eefc	—	—	0	0	0
root	20200409	tanktrouble.com	archive/commoncrawl/warc-bodies/20200409_tanktrouble.com_.txt	348866bb6c41d3d0f831a52826002a5c3a219f2bfeca5b601d6de5467401514c	—	—	0	0	0
root	20200603	tanktrouble.com	archive/commoncrawl/warc-bodies/20200603_tanktrouble.com_.txt	863cf71a81dbe76935efe78ef5f458e19a61a2e9f8b3a83f3379c48ec91933e2	—	—	0	0	0
root	20200603	www.tanktrouble.com	archive/commoncrawl/warc-bodies/20200603_www.tanktrouble.com_.txt	6eff8265ee8737ec332fa2c8d0aaa928e4835f309f9b6138595b8663beb1db3d	—	—	0	0	0
root	20200605	tanktrouble.com	archive/commoncrawl/warc-bodies/20200605_tanktrouble.com.txt	6bc064e4b4a5cba0368d61677c5a99d647b91be09d3670ac5595af09e6782f9e	—	—	0	0	0
root	20200605	tanktrouble.com	archive/commoncrawl/warc-bodies/20200605_tanktrouble.com_.txt	f892aca172f7c00861b4733263bc62945be2bebf7ad1340ad93613a73f68a55f	—	—	0	0	0
root	20200704	tanktrouble.com	archive/commoncrawl/warc-bodies/20200704_tanktrouble.com.txt	97652898b450f3adaedc649d0b38817c5f47b9708646f0cc116fd4b46c20268c	—	—	0	0	0
root	20200704	tanktrouble.com	archive/commoncrawl/warc-bodies/20200704_tanktrouble.com_.txt	2e378bf8adc406f50f04e3c73cb39ef36bfa8220ea6ca9b1afc8291ff87e9f28	—	—	0	0	0
root	20200705	tanktrouble.com	archive/commoncrawl/warc-bodies/20200705_tanktrouble.com_.txt	f88c55337a3ef3b150ccfdfd7ecaef3b6a681357ed790a126b4f9ca7f0140a3e	—	—	0	0	0
root	20200803	tanktrouble.com	archive/commoncrawl/warc-bodies/20200803_tanktrouble.com_.txt	ffacd08e8fe3e7a96c92b20970aa17ea1825628dd91e9cec3287de249fc0a51e	—	—	0	0	0
root	20200807	tanktrouble.com	archive/commoncrawl/warc-bodies/20200807_tanktrouble.com.txt	d2f4d9fc210872fdf0a1b6a2b487f261566e8ca9f4426c399840da9742167ebe	—	—	0	0	0
root	20200807	tanktrouble.com	archive/commoncrawl/warc-bodies/20200807_tanktrouble.com_.txt	5c930c4abb64bcec71549a4010b4f941f914a0407c0504990efab7b2067fe5e5	—	—	0	0	0
root	20200926	tanktrouble.com	archive/commoncrawl/warc-bodies/20200926_tanktrouble.com_.txt	4853f72c43d26398be05f618a413e9511d92c2a9f50065a8a9445315f8690c44	—	—	0	0	0
root	20200930	tanktrouble.com	archive/commoncrawl/warc-bodies/20200930_tanktrouble.com.txt	f222cef64f05bd74589fd072d4b48dd94f5b067a4d6649ee03a9fa9b19f91f3c	—	—	0	0	0
root	20200930	tanktrouble.com	archive/commoncrawl/warc-bodies/20200930_tanktrouble.com_.txt	924262a3dc10f6f04ac85571dc6e355e0b7286190cc19942cc01312350eb33a9	—	—	0	0	0
root	20201024	tanktrouble.com	archive/commoncrawl/warc-bodies/20201024_tanktrouble.com_.txt	7af6903b732ed15a98632543b51b7acecb0ed108aa6540164febc8d3dc3c408b	—	—	0	0	0
root	20201028	www.tanktrouble.com	archive/commoncrawl/warc-bodies/20201028_www.tanktrouble.com_.txt	c92cb9de5924d9fdc8825bc4f72cccc35a9f705bc3c7d20b75240f3107112f86	—	—	0	0	0
root	20201029	tanktrouble.com	archive/commoncrawl/warc-bodies/20201029_tanktrouble.com.txt	cddce3d959294ac447f08a6b6c553d60ca4790c818851027426eee46f1355849	—	—	0	0	0
root	20201029	tanktrouble.com	archive/commoncrawl/warc-bodies/20201029_tanktrouble.com_.txt	ecb3d5c12f476136abdf647b928950067bb11e2adfa6b8178bfa29cd2cb02c6d	—	—	0	0	0
root	20201203	tanktrouble.com	archive/commoncrawl/warc-bodies/20201203_tanktrouble.com.txt	ba109187b3890bde6ca3884a06c4dac5b67bf9cfe5b2937b52f766d9e57b9ec5	—	—	0	0	0
root	20201203	tanktrouble.com	archive/commoncrawl/warc-bodies/20201203_tanktrouble.com_.txt	45dd6ed4b66a8e4089ac34e34c2fcfe6c2c4832bb7260278cbc3c9277b0481b4	—	—	0	0	0
root	20201204	tanktrouble.com	archive/commoncrawl/warc-bodies/20201204_tanktrouble.com_.txt	56a952be306c2748d99ba4d8df72af17032db4656b1f316d12d2d3f1b4704f8c	—	—	0	0	0
shop	20170124	tanktrouble.com	archive/commoncrawl/warc-bodies/20170124_tanktrouble.com__shop.txt	c8208f595a4e9c6f233c09bb7e966e60a6978351b155d834237021f8c79442d9	—	—	0	0	0
shop	20170228	tanktrouble.com	archive/commoncrawl/warc-bodies/20170228_tanktrouble.com__shop.txt	68bde5c831ea542b0fdd40fd4d1efab32b54b8561ffad23858543ee5066ab63c	—	—	0	0	0
shop	20170429	tanktrouble.com	archive/commoncrawl/warc-bodies/20170429_tanktrouble.com__shop.txt	b2776f51b5c3bcf446cf1fc6a0b1475e32ee931064f42eb6dc7eebac7b769d84	—	—	0	0	0
shop	20170625	tanktrouble.com	archive/commoncrawl/warc-bodies/20170625_tanktrouble.com__shop.txt	207ad0e2791228b657d9088be3617bd1870a7cf57bc8a397ac5dd8840bed0e4f	—	—	0	0	0
shop	20170817	tanktrouble.com	archive/commoncrawl/warc-bodies/20170817_tanktrouble.com__shop.txt	bb0548eb8e1722ba3302d01758194a07ca4b650b9ec5b6b1f5d912c87d18484b	—	—	0	0	0
shop	20171022	tanktrouble.com	archive/commoncrawl/warc-bodies/20171022_tanktrouble.com__shop.txt	25317bff80a21454264f36d4383687b98f0eaf25589566b1d2c8efbb3159356d	—	—	0	0	0
shop	20171212	tanktrouble.com	archive/commoncrawl/warc-bodies/20171212_tanktrouble.com__shop.txt	d7cd76c5f61e58d159691e75df5ccdc60de42c81ec73f8f4058525ecedd82d3a	—	—	0	0	0
shop	20180116	www.tanktrouble.com	archive/commoncrawl/warc-bodies/20180116_www.tanktrouble.com__shop.txt	69bc1a2b766973722a830c31720d32bc9aa250c9482c5c77b9b5d9900e5dbdc5	—	—	0	0	0
shop	20180226	tanktrouble.com	archive/commoncrawl/warc-bodies/20180226_tanktrouble.com__shop.txt	53fc217698febb517dd2be0e7d10c306c996593be20a05c5c2557d4ec1a61fc5	—	—	0	0	0
shop	20180317	www.tanktrouble.com	archive/commoncrawl/warc-bodies/20180317_www.tanktrouble.com__shop.txt	385fc24b0d966ec3913f4e25e90dec9c05766052487d9de8eb688507b08dd5a5	—	—	0	0	0
shop	20180317214436	www.tanktrouble.com	archive/commoncrawl/warc-bodies/20180317214436_200_www.tanktrouble.com_@shop.txt	385fc24b0d966ec3913f4e25e90dec9c05766052487d9de8eb688507b08dd5a5	—	—	0	0	0
shop	20180422	tanktrouble.com	archive/commoncrawl/warc-bodies/20180422_tanktrouble.com__shop.txt	f623b852da669eb0e7f31cd92a14b21328b1a6f08269499db02763ebcd096392	—	—	0	0	0
shop	20180619	www.tanktrouble.com	archive/commoncrawl/warc-bodies/20180619_www.tanktrouble.com__shop.txt	cfc50df4f65dcecfeb2b98a623a73d87ccdaec12050dc1f9bb46cff62e15c5e6	—	—	0	0	0
shop	20180620	tanktrouble.com	archive/commoncrawl/warc-bodies/20180620_tanktrouble.com__shop.txt	938cc74d71ca57c71d257131905360e32e38760243da2702c6f424c6cc4d58ca	—	—	0	0	0
shop	20180814	tanktrouble.com	archive/commoncrawl/warc-bodies/20180814_tanktrouble.com__shop.txt	473e7bd70ee2502118dc334fe3805bdfc9b8b638217640201706782e2c9eb2c8	—	—	0	0	0
shop	20181020	tanktrouble.com	archive/commoncrawl/warc-bodies/20181020_tanktrouble.com__shop.txt	ec92cc2c315314aadcf673cde1349669d40c9093ffcfdac96641cefb5226ee48	—	—	0	0	0
shop	20181020	www.tanktrouble.com	archive/commoncrawl/warc-bodies/20181020_www.tanktrouble.com__shop.txt	a5805968777a85a8e833dbcc9580e242eb7a3e9e5d4f27cecb082ba5e78816a6	—	—	0	0	0
shop	20181214	tanktrouble.com	archive/commoncrawl/warc-bodies/20181214_tanktrouble.com__shop.txt	8ce0b1ab1cd6152dc5fbd7960b65dbf72616eb27b285def74cbc648c9fcaf306	—	—	0	0	0
shop	20190123	tanktrouble.com	archive/commoncrawl/warc-bodies/20190123_tanktrouble.com__shop.txt	8f1cca4eace6d2f899bd37f36a03f81d096bbf41f8b1cda78c68cd5c4905d3ca	—	—	0	0	0
shop	20190318	tanktrouble.com	archive/commoncrawl/warc-bodies/20190318_tanktrouble.com__shop.txt	aa404605db6ee08bbd6697657dd6ca18cdc4b2ac580ad554f4f140d1d35a53e0	—	—	0	0	0
shop	20190426	tanktrouble.com	archive/commoncrawl/warc-bodies/20190426_tanktrouble.com__shop.txt	faa5753701f832c898beb9d424656cda30bdb90ab50ed79bb747740d3b16a8ff	—	—	0	0	0
shop	20190620	tanktrouble.com	archive/commoncrawl/warc-bodies/20190620_tanktrouble.com__shop.txt	a2005dd88eb49d05e7cbfc19c5e817f187a202eeefdefd6aaea15634dc5728df	—	—	0	0	0
shop	20190717	tanktrouble.com	archive/commoncrawl/warc-bodies/20190717_tanktrouble.com__shop.txt	e653ce11aa89d85a4de3664051d34568c9b3d874a21160bbe5308dc08020b365	—	—	0	0	0
shop	20190822	tanktrouble.com	archive/commoncrawl/warc-bodies/20190822_tanktrouble.com__shop.txt	856530ceca32d295e898fbb447abab802feaebf76cf4e4a45288181c8b2993ab	—	—	0	0	0
shop	20190922	tanktrouble.com	archive/commoncrawl/warc-bodies/20190922_tanktrouble.com__shop.txt	9735691a891023e904bc8cb79b38bdc5ee48f6afeed888f9134053d9d149df08	—	—	0	0	0
shop	20191019	tanktrouble.com	archive/commoncrawl/warc-bodies/20191019_tanktrouble.com__shop.txt	c2f45159001f6301c55c542378b80fc549019428417c59ad7206d514906fb0e9	—	—	0	0	0
shop	20191120	tanktrouble.com	archive/commoncrawl/warc-bodies/20191120_tanktrouble.com__shop.txt	66e151114a5402aa95ce2425b986bb577b87bc710a1274385c2b96ad76c558a7	—	—	0	0	0
shop	20191209	tanktrouble.com	archive/commoncrawl/warc-bodies/20191209_tanktrouble.com__shop.txt	d840f5fb36c0b8739f877eb05a65a9d3c98a28c6c56cc0f82651cf111c82b1a6	—	—	0	0	0
shop	20200121	tanktrouble.com	archive/commoncrawl/warc-bodies/20200121_tanktrouble.com__shop.txt	dd1b6f9480fe6fd9199e7859180a30b497e59ce1b638f1436e9cb566f1398f55	—	—	0	0	0
shop	20200217	tanktrouble.com	archive/commoncrawl/warc-bodies/20200217_tanktrouble.com__shop.txt	b659b89cbadbfbb4e6a7cbd802f3c73bae2ac56ff6eff6fa300a34ea2242196a	—	—	0	0	0
shop	20200228	www.tanktrouble.com	archive/commoncrawl/warc-bodies/20200228_www.tanktrouble.com__shop.txt	6645f221e94822fb525727631f1fd5b2d48a70e088023b99ac9e3a32c050a5c4	—	—	0	0	0
shop	20200409	tanktrouble.com	archive/commoncrawl/warc-bodies/20200409_tanktrouble.com__shop.txt	54388ee47dbaa841f3f8c9f2d6d93e69c234f2ecca59bac9e62ad2718c44e248	—	—	0	0	0
shop	20200603	tanktrouble.com	archive/commoncrawl/warc-bodies/20200603_tanktrouble.com__shop.txt	88861bf40e7b3e6e7329e10d285c293e75eded01ba5e7dce0bbde116d7c17566	—	—	0	0	0
shop	20200705	tanktrouble.com	archive/commoncrawl/warc-bodies/20200705_tanktrouble.com__shop.txt	89102d0e0a77df8ad413f4c67c7ed36ebff02d98fa6d9e606b388955a46d2459	—	—	0	0	0
shop	20200803	tanktrouble.com	archive/commoncrawl/warc-bodies/20200803_tanktrouble.com__shop.txt	e59b5215dc6bbb0b4cd872cb2f412871dc328568eaac4605ad673b3cbe671bb2	—	—	0	0	0
shop	20200926	tanktrouble.com	archive/commoncrawl/warc-bodies/20200926_tanktrouble.com__shop.txt	ce03af2430a10b5cf5d75fee84b46ef7c2f816ea7a600a31275f4ae57cee8d02	—	—	0	0	0
shop	20201204	tanktrouble.com	archive/commoncrawl/warc-bodies/20201204_tanktrouble.com__shop.txt	82c4077f4b8fb530f03120060ba691834955a72691d91911cbe85fa41e67c9d9	—	—	0	0	0
statistics	20130618	www.tanktrouble.com	archive/commoncrawl/warc-bodies/20130618_www.tanktrouble.com_statistics_.txt	659219fec042e1402af2ca8ad42f3c807d9ee27bedb8f645b79ebfdd409dc03b	—	—	0	0	0
